land_or_marine,mean_Q601_asphalting_sand,mean_Q602_building_soft_sand,mean_Q603_concreting_sand,mean_Q604_bituminous_gravel,mean_Q605_concreting_gravel,mean_Q606_other_gravel,mean_Q607_constructional_fill,movement_Q601_asphalting_sand,movement_Q602_building_soft_sand,movement_Q603_concreting_sand,movement_Q604_bituminous_gravel,movement_Q605_concreting_gravel,movement_Q606_other_gravel,movement_Q607_constructional_fill,region,responder_id,strata
L,0,0,-0.5,0,-0.5,0,-0.5,0,0,0,0,0,0,-1,1,231,E
L,-0.012124809,0.081107708,0.043699231,-0.011188157,-0.042917316,0.065069992,0.219834604,0,0,0,0,0,0,-1,14,231,E
L,0,0.191104085,-0.233531176,0,-0.055776172,-0.118927682,0.015977961,0,0.095545513,0,0,0,0,0,10,4138,E
L,-0.012124809,0.081107708,0.043699231,-0.011188157,-0.042917316,0.065069992,0.219834604,0,0.095545513,0,0,0,0,0,14,4138,E
L,-0.012355179,-0.117019413,-0.102478685,0,0.006135814,0.105352506,-0.133405784,0,0.245999191,0,0,0,0,0,9,11814,E
L,-0.012124809,0.081107708,0.043699231,-0.011188157,-0.042917316,0.065069992,0.219834604,0,0.245999191,0,0,0,0,0,14,11814,E
L,-0.098642038,-0.086619014,-0.112915262,0,-0.003971726,0.044374501,-0.127844243,-0.857614899,-0.03393028,0,0,0,0,0,9,15243,D
L,1.257317577,0.183054429,0.921473325,-0.01306718,0.029539055,-0.023813666,-0.06394735,-0.857614899,-0.03393028,0,0,0,0,0,14,15243,D
L,-0.00499299,0.170049513,0.255779517,0,0.008146795,0.11913277,0.702796324,0,-0.057142857,0,0,0,0,0.186046512,7,230847,E
L,-0.012124809,0.081107708,0.043699231,-0.011188157,-0.042917316,0.065069992,0.219834604,0,-0.057142857,0,0,0,0,0.186046512,14,230847,E
L,-0.051260965,0.008485515,0.702950895,-0.125,-0.204166222,-0.25584682,-0.180659515,0,0.050295858,0.253968254,0,-0.252396166,0.89110958,-0.401414309,11,239958,E
L,-0.012124809,0.081107708,0.043699231,-0.011188157,-0.042917316,0.065069992,0.219834604,0,0.050295858,0.253968254,0,-0.252396166,0.89110958,-0.401414309,14,239958,E
L,0,-0.063489009,-0.152832733,0,-0.126999432,-0.086283347,-0.221112545,0,0.135671953,-0.174068966,0,-0.539845758,0,0,6,244184,E
L,-0.012124809,0.081107708,0.043699231,-0.011188157,-0.042917316,0.065069992,0.219834604,0,0.135671953,-0.174068966,0,-0.539845758,0,0,14,244184,E
L,-0.011344514,0.189824608,0.047957581,-0.017553563,-0.094882319,0.281080301,0.65318163,0,-0.280798348,-0.242120344,0,0.220447284,-0.060616803,-0.0078125,12,516741,E
L,-0.012124809,0.081107708,0.043699231,-0.011188157,-0.042917316,0.065069992,0.219834604,0,-0.280798348,-0.242120344,0,0.220447284,-0.060616803,-0.0078125,14,516741,E
L,0.199367696,0.132934392,0.119379875,0,-0.026708137,0.155231611,0.013070458,-0.269318182,-0.067490654,0.108856089,0,0.114605544,1.2965156,0,5,522204,D
L,1.257317577,0.183054429,0.921473325,-0.01306718,0.029539055,-0.023813666,-0.06394735,-0.269318182,-0.067490654,0.108856089,0,0.114605544,1.2965156,0,14,522204,D
L,-0.012355179,-0.117019413,-0.102478685,0,0.006135814,0.105352506,-0.133405784,0,-1,0,0,0,0,0,9,626359,E
L,-0.012124809,0.081107708,0.043699231,-0.011188157,-0.042917316,0.065069992,0.219834604,0,-1,0,0,0,0,0,14,626359,E
L,-0.00499299,0.170049513,0.255779517,0,0.008146795,0.11913277,0.702796324,0,0.06043956,0,0,0,0,10.55,7,665849,E
L,-0.012124809,0.081107708,0.043699231,-0.011188157,-0.042917316,0.065069992,0.219834604,0,0.06043956,0,0,0,0,10.55,14,665849,E
L,-0.166666667,0.019829194,-0.038332059,0,-0.143749676,0.022342228,-0.217836257,0,0.315614618,0.029266907,0,-0.029164722,0.134053367,-0.807017544,5,707021,E
L,-0.012124809,0.081107708,0.043699231,-0.011188157,-0.042917316,0.065069992,0.219834604,0,0.315614618,0.029266907,0,-0.029164722,0.134053367,-0.807017544,14,707021,E
L,-0.00499299,0.170049513,0.255779517,0,0.008146795,0.11913277,0.702796324,0,0.272727273,0.074204947,0,0.56049755,0,-0.372274143,7,1822023,E
L,-0.012124809,0.081107708,0.043699231,-0.011188157,-0.042917316,0.065069992,0.219834604,0,0.272727273,0.074204947,0,0.56049755,0,-0.372274143,14,1822023,E
L,-0.098642038,-0.086619014,-0.112915262,0,-0.003971726,0.044374501,-0.127844243,0,-0.204665084,-0.102384967,0,0.364523784,0,0,9,2138849,D
L,1.257317577,0.183054429,0.921473325,-0.01306718,0.029539055,-0.023813666,-0.06394735,0,-0.204665084,-0.102384967,0,0.364523784,0,0,14,2138849,D
L,-0.11524159,0.142586979,0.209899248,0,0.41783607,-0.11390751,-0.216541797,-0.03697792,-0.472508399,0,0,0,0,-1,3,4417595,E
L,-0.012124809,0.081107708,0.043699231,-0.011188157,-0.042917316,0.065069992,0.219834604,-0.03697792,-0.472508399,0,0,0,0,-1,14,4417595,E
L,0,-0.053062897,0.084033613,0,0,0,-0.963779505,0,-0.053062897,0.084033613,0,0,0,-0.963779505,1,4541389,B1
L,0.043344685,-0.026417415,0.012752196,-0.02971103,0.013531132,-0.053521663,1.197045482,0,-0.053062897,0.084033613,0,0,0,-0.963779505,14,4541389,B1
L,0,0.191104085,-0.233531176,0,-0.055776172,-0.118927682,0.015977961,0,0,0,0,0,-0.332080902,0,10,4827472,E
L,-0.012124809,0.081107708,0.043699231,-0.011188157,-0.042917316,0.065069992,0.219834604,0,0,0,0,0,-0.332080902,0,14,4827472,E
L,0.143653653,-0.078450408,-0.290685509,0,-0.209364993,-0.135575209,-0.188833305,0,0.087912088,0.06562986,0,0.045023174,0.014644351,0,2,4892970,E
L,-0.012124809,0.081107708,0.043699231,-0.011188157,-0.042917316,0.065069992,0.219834604,0,0.087912088,0.06562986,0,0.045023174,0.014644351,0,14,4892970,E
L,-0.011344514,0.189824608,0.047957581,-0.017553563,-0.094882319,0.281080301,0.65318163,0,0.669718052,0.307281229,0,-0.104068858,0.027559055,0,12,6376647,E
L,-0.012124809,0.081107708,0.043699231,-0.011188157,-0.042917316,0.065069992,0.219834604,0,0.669718052,0.307281229,0,-0.104068858,0.027559055,0,14,6376647,E
L,-0.012355179,-0.117019413,-0.102478685,0,0.006135814,0.105352506,-0.133405784,0,0,0,0,0,0,-0.013368984,9,8600642,E
L,-0.012124809,0.081107708,0.043699231,-0.011188157,-0.042917316,0.065069992,0.219834604,0,0,0,0,0,0,-0.013368984,14,8600642,E
L,-0.011344514,0.189824608,0.047957581,-0.017553563,-0.094882319,0.281080301,0.65318163,0,0,-0.147030651,0,-0.046575342,-0.216501115,-0.164457278,12,8623919,E
L,-0.012124809,0.081107708,0.043699231,-0.011188157,-0.042917316,0.065069992,0.219834604,0,0,-0.147030651,0,-0.046575342,-0.216501115,-0.164457278,14,8623919,E
L,0.143653653,-0.078450408,-0.290685509,0,-0.209364993,-0.135575209,-0.188833305,0,0,-1,0,0,0,0,2,10255597,E
L,-0.012124809,0.081107708,0.043699231,-0.011188157,-0.042917316,0.065069992,0.219834604,0,0,-1,0,0,0,0,14,10255597,E
L,-0.011344514,0.189824608,0.047957581,-0.017553563,-0.094882319,0.281080301,0.65318163,0,-0.257823715,0,0,0,0,-0.844086022,12,10255598,E
L,-0.012124809,0.081107708,0.043699231,-0.011188157,-0.042917316,0.065069992,0.219834604,0,-0.257823715,0,0,0,0,-0.844086022,14,10255598,E
L,-0.011344514,0.189824608,0.047957581,-0.017553563,-0.094882319,0.281080301,0.65318163,0,0,0,0,0,0,0,12,10255608,E
L,-0.012124809,0.081107708,0.043699231,-0.011188157,-0.042917316,0.065069992,0.219834604,0,0,0,0,0,0,0,14,10255608,E
L,-0.012355179,-0.117019413,-0.102478685,0,0.006135814,0.105352506,-0.133405784,0,-0.482758621,0,0,0,0,0,9,10255615,E
L,-0.012124809,0.081107708,0.043699231,-0.011188157,-0.042917316,0.065069992,0.219834604,0,-0.482758621,0,0,0,0,0,14,10255615,E
L,-0.098642038,-0.086619014,-0.112915262,0,-0.003971726,0.044374501,-0.127844243,0,0,-0.303334195,0,0.252026724,0,0,9,10255635,D
L,1.257317577,0.183054429,0.921473325,-0.01306718,0.029539055,-0.023813666,-0.06394735,0,0,-0.303334195,0,0.252026724,0,0,14,10255635,D
L,-0.012355179,-0.117019413,-0.102478685,0,0.006135814,0.105352506,-0.133405784,0,-0.383399659,0,0,0,0,0,9,10255641,E
L,-0.012124809,0.081107708,0.043699231,-0.011188157,-0.042917316,0.065069992,0.219834604,0,-0.383399659,0,0,0,0,0,14,10255641,E
L,0,0.057464275,0.120021434,0,-0.008347538,-0.04293881,0.484670853,0,0.11492855,-0.002492911,0,-0.016695075,-0.08587762,0.675583433,10,10255642,A
L,0,0.038309517,0.151442861,1,5.161101642,-0.361959207,0.323113902,0,0.11492855,-0.002492911,0,-0.016695075,-0.08587762,0.675583433,14,10255642,A
L,-0.051260965,0.008485515,0.702950895,-0.125,-0.204166222,-0.25584682,-0.180659515,0,0,0,0,0,-0.791836735,-0.815384615,11,10255644,E
L,-0.012124809,0.081107708,0.043699231,-0.011188157,-0.042917316,0.065069992,0.219834604,0,0,0,0,0,-0.791836735,-0.815384615,14,10255644,E
L,-0.011344514,0.189824608,0.047957581,-0.017553563,-0.094882319,0.281080301,0.65318163,0,0,0,0,0,0,0,12,10255645,E
L,-0.012124809,0.081107708,0.043699231,-0.011188157,-0.042917316,0.065069992,0.219834604,0,0,0,0,0,0,0,14,10255645,E
L,0.078615021,-0.065292753,-0.082866539,0,0.237954781,0.137629439,-0.152935581,0,0,-0.127027237,0,0.107379891,0,0,6,10255648,D
L,1.257317577,0.183054429,0.921473325,-0.01306718,0.029539055,-0.023813666,-0.06394735,0,0,-0.127027237,0,0.107379891,0,0,14,10255648,D
L,-0.067145948,1.190986816,-0.004144422,-0.003652597,0.12139493,-0.142598821,0.017430947,-1,0.465740741,0.529384787,0,0.204778157,-0.000737,0,12,10255660,D
L,1.257317577,0.183054429,0.921473325,-0.01306718,0.029539055,-0.023813666,-0.06394735,-1,0.465740741,0.529384787,0,0.204778157,-0.000737,0,14,10255660,D
L,0.143653653,-0.078450408,-0.290685509,0,-0.209364993,-0.135575209,-0.188833305,0,-0.032680701,0,0,0,0,0,2,10255663,E
L,-0.012124809,0.081107708,0.043699231,-0.011188157,-0.042917316,0.065069992,0.219834604,0,-0.032680701,0,0,0,0,0,14,10255663,E
L,-0.011344514,0.189824608,0.047957581,-0.017553563,-0.094882319,0.281080301,0.65318163,0,0,0.082529475,0,-0.944694245,0,0,12,10255664,E
L,-0.012124809,0.081107708,0.043699231,-0.011188157,-0.042917316,0.065069992,0.219834604,0,0,0.082529475,0,-0.944694245,0,0,14,10255664,E
L,-0.051260965,0.008485515,0.702950895,-0.125,-0.204166222,-0.25584682,-0.180659515,0,0,-0.249084249,0,-0.333333333,-0.127982646,0,11,10255666,E
L,-0.012124809,0.081107708,0.043699231,-0.011188157,-0.042917316,0.065069992,0.219834604,0,0,-0.249084249,0,-0.333333333,-0.127982646,0,14,10255666,E
L,-0.034532953,-0.289882562,-0.142554856,0,0,0.081132075,-0.345619372,-0.138131814,-0.199274671,-0.023464923,0,0,0.324528302,0,3,10255674,D
L,1.257317577,0.183054429,0.921473325,-0.01306718,0.029539055,-0.023813666,-0.06394735,-0.138131814,-0.199274671,-0.023464923,0,0,0.324528302,0,14,10255674,D
L,-0.00499299,0.170049513,0.255779517,0,0.008146795,0.11913277,0.702796324,0,0,-0.082265249,0,-0.090271594,0,0,7,10255678,E
L,-0.012124809,0.081107708,0.043699231,-0.011188157,-0.042917316,0.065069992,0.219834604,0,0,-0.082265249,0,-0.090271594,0,0,14,10255678,E
L,-0.00499299,0.170049513,0.255779517,0,0.008146795,0.11913277,0.702796324,0,-0.044867855,0.301936547,0,-0.449772909,0,0,7,10255687,E
L,-0.012124809,0.081107708,0.043699231,-0.011188157,-0.042917316,0.065069992,0.219834604,0,-0.044867855,0.301936547,0,-0.449772909,0,0,14,10255687,E
L,-0.00499299,0.170049513,0.255779517,0,0.008146795,0.11913277,0.702796324,0,0,0,0,0,0,1.359639233,7,10255693,E
L,-0.012124809,0.081107708,0.043699231,-0.011188157,-0.042917316,0.065069992,0.219834604,0,0,0,0,0,0,1.359639233,14,10255693,E
L,-0.00499299,0.170049513,0.255779517,0,0.008146795,0.11913277,0.702796324,0,0,0,0,0,0,0,7,10255694,E
L,-0.012124809,0.081107708,0.043699231,-0.011188157,-0.042917316,0.065069992,0.219834604,0,0,0,0,0,0,0,14,10255694,E
L,-0.11524159,0.142586979,0.209899248,0,0.41783607,-0.11390751,-0.216541797,0,-0.198709677,-0.875,0,0,0,-1,3,10255696,E
L,-0.012124809,0.081107708,0.043699231,-0.011188157,-0.042917316,0.065069992,0.219834604,0,-0.198709677,-0.875,0,0,0,-1,14,10255696,E
L,-0.011344514,0.189824608,0.047957581,-0.017553563,-0.094882319,0.281080301,0.65318163,0,0,0,0,-1,0,0,12,10255699,E
L,-0.012124809,0.081107708,0.043699231,-0.011188157,-0.042917316,0.065069992,0.219834604,0,0,0,0,-1,0,0,14,10255699,E
L,-0.00499299,0.170049513,0.255779517,0,0.008146795,0.11913277,0.702796324,0,0.040785498,0.282241015,0,-0.754532775,0,-1,7,10255702,E
L,-0.012124809,0.081107708,0.043699231,-0.011188157,-0.042917316,0.065069992,0.219834604,0,0.040785498,0.282241015,0,-0.754532775,0,-1,14,10255702,E
L,-0.011344514,0.189824608,0.047957581,-0.017553563,-0.094882319,0.281080301,0.65318163,0,0,0,0,0,0,-1,12,10255706,E
L,-0.012124809,0.081107708,0.043699231,-0.011188157,-0.042917316,0.065069992,0.219834604,0,0,0,0,0,0,-1,14,10255706,E
L,0,0.191104085,-0.233531176,0,-0.055776172,-0.118927682,0.015977961,0,-0.036203014,0.087747675,0,0,0,0,10,10255712,E
L,-0.012124809,0.081107708,0.043699231,-0.011188157,-0.042917316,0.065069992,0.219834604,0,-0.036203014,0.087747675,0,0,0,0,14,10255712,E
L,-0.011344514,0.189824608,0.047957581,-0.017553563,-0.094882319,0.281080301,0.65318163,0,0,0,0,0,0,1.263513514,12,10255713,E
L,-0.012124809,0.081107708,0.043699231,-0.011188157,-0.042917316,0.065069992,0.219834604,0,0,0,0,0,0,1.263513514,14,10255713,E
L,-0.00499299,0.170049513,0.255779517,0,0.008146795,0.11913277,0.702796324,0,-0.382352941,-0.464788732,0,-0.026627219,-0.355555556,-0.409722222,7,10255716,E
L,-0.012124809,0.081107708,0.043699231,-0.011188157,-0.042917316,0.065069992,0.219834604,0,-0.382352941,-0.464788732,0,-0.026627219,-0.355555556,-0.409722222,14,10255716,E
L,-0.012355179,-0.117019413,-0.102478685,0,0.006135814,0.105352506,-0.133405784,0,0,0,0,0,0,0,9,10255719,E
L,-0.012124809,0.081107708,0.043699231,-0.011188157,-0.042917316,0.065069992,0.219834604,0,0,0,0,0,0,0,14,10255719,E
L,0.078615021,-0.065292753,-0.082866539,0,0.237954781,0.137629439,-0.152935581,0.005843457,0,-0.005418343,0,0,0.378808031,0,6,10255720,D
L,1.257317577,0.183054429,0.921473325,-0.01306718,0.029539055,-0.023813666,-0.06394735,0.005843457,0,-0.005418343,0,0,0.378808031,0,14,10255720,D
L,-0.012355179,-0.117019413,-0.102478685,0,0.006135814,0.105352506,-0.133405784,0,0,-0.441317278,0,-0.568442087,1.642819007,-1,9,10255723,E
L,-0.012124809,0.081107708,0.043699231,-0.011188157,-0.042917316,0.065069992,0.219834604,0,0,-0.441317278,0,-0.568442087,1.642819007,-1,14,10255723,E
L,-0.11524159,0.142586979,0.209899248,0,0.41783607,-0.11390751,-0.216541797,0,0,0.229069642,0,0,0,-0.200372575,3,10255733,E
L,-0.012124809,0.081107708,0.043699231,-0.011188157,-0.042917316,0.065069992,0.219834604,0,0,0.229069642,0,0,0,-0.200372575,14,10255733,E
L,-0.098642038,-0.086619014,-0.112915262,0,-0.003971726,0.044374501,-0.127844243,0,0,-0.032405642,0,0.403489235,0,0,9,10255742,D
L,1.257317577,0.183054429,0.921473325,-0.01306718,0.029539055,-0.023813666,-0.06394735,0,0,-0.032405642,0,0.403489235,0,0,14,10255742,D
L,0.143653653,-0.078450408,-0.290685509,0,-0.209364993,-0.135575209,-0.188833305,0,0.666666667,-0.866666667,0,-0.8,-0.428571429,0,2,10255746,E
L,-0.012124809,0.081107708,0.043699231,-0.011188157,-0.042917316,0.065069992,0.219834604,0,0.666666667,-0.866666667,0,-0.8,-0.428571429,0,14,10255746,E
L,-0.11524159,0.142586979,0.209899248,0,0.41783607,-0.11390751,-0.216541797,0,-0.62603257,0,0,0,0,0,3,10255758,E
L,-0.012124809,0.081107708,0.043699231,-0.011188157,-0.042917316,0.065069992,0.219834604,0,-0.62603257,0,0,0,0,0,14,10255758,E
L,-0.11524159,0.142586979,0.209899248,0,0.41783607,-0.11390751,-0.216541797,-0.119911286,0,2.739919355,0,1.898280098,0,0,3,10255759,E
L,-0.012124809,0.081107708,0.043699231,-0.011188157,-0.042917316,0.065069992,0.219834604,-0.119911286,0,2.739919355,0,1.898280098,0,0,14,10255759,E
L,-0.051260965,0.008485515,0.702950895,-0.125,-0.204166222,-0.25584682,-0.180659515,0,0,-0.285714286,-1,-0.5,0,0,11,10255760,E
L,-0.012124809,0.081107708,0.043699231,-0.011188157,-0.042917316,0.065069992,0.219834604,0,0,-0.285714286,-1,-0.5,0,0,14,10255760,E
L,-0.098642038,-0.086619014,-0.112915262,0,-0.003971726,0.044374501,-0.127844243,0,0.008965614,0,0,0,0,0,9,10255761,D
L,1.257317577,0.183054429,0.921473325,-0.01306718,0.029539055,-0.023813666,-0.06394735,0,0.008965614,0,0,0,0,0,14,10255761,D
L,-0.11524159,0.142586979,0.209899248,0,0.41783607,-0.11390751,-0.216541797,-1,0,0,0,0,0,0,3,10255762,E
L,-0.012124809,0.081107708,0.043699231,-0.011188157,-0.042917316,0.065069992,0.219834604,-1,0,0,0,0,0,0,14,10255762,E
L,-0.011344514,0.189824608,0.047957581,-0.017553563,-0.094882319,0.281080301,0.65318163,0,0.051282051,0,0,0,0,0,12,10255768,E
L,-0.012124809,0.081107708,0.043699231,-0.011188157,-0.042917316,0.065069992,0.219834604,0,0.051282051,0,0,0,0,0,14,10255768,E
L,-0.012355179,-0.117019413,-0.102478685,0,0.006135814,0.105352506,-0.133405784,0,-0.013050571,0,0,0,0,-0.014869888,9,10255776,E
L,-0.012124809,0.081107708,0.043699231,-0.011188157,-0.042917316,0.065069992,0.219834604,0,-0.013050571,0,0,0,0,-0.014869888,14,10255776,E
L,-0.011344514,0.189824608,0.047957581,-0.017553563,-0.094882319,0.281080301,0.65318163,0,0,0,0,0,4.285714286,1.816901408,12,10255787,E
L,-0.012124809,0.081107708,0.043699231,-0.011188157,-0.042917316,0.065069992,0.219834604,0,0,0,0,0,4.285714286,1.816901408,14,10255787,E
L,-0.012355179,-0.117019413,-0.102478685,0,0.006135814,0.105352506,-0.133405784,0,0,-0.246435845,0,0,-0.24618204,0,9,10255794,E
L,-0.012124809,0.081107708,0.043699231,-0.011188157,-0.042917316,0.065069992,0.219834604,0,0,-0.246435845,0,0,-0.24618204,0,14,10255794,E
L,-0.012355179,-0.117019413,-0.102478685,0,0.006135814,0.105352506,-0.133405784,0,0,-0.39307605,0,-0.286032495,-0.370116483,0,9,10255805,E
L,-0.012124809,0.081107708,0.043699231,-0.011188157,-0.042917316,0.065069992,0.219834604,0,0,-0.39307605,0,-0.286032495,-0.370116483,0,14,10255805,E
L,0.143653653,-0.078450408,-0.290685509,0,-0.209364993,-0.135575209,-0.188833305,0,0,-0.236363636,0,0,0,-0.103139013,2,10255812,E
L,-0.012124809,0.081107708,0.043699231,-0.011188157,-0.042917316,0.065069992,0.219834604,0,0,-0.236363636,0,0,0,-0.103139013,14,10255812,E
L,-0.012355179,-0.117019413,-0.102478685,0,0.006135814,0.105352506,-0.133405784,0,0,-0.07710396,0,1.276521739,0.221418234,-1,9,10255845,E
L,-0.012124809,0.081107708,0.043699231,-0.011188157,-0.042917316,0.065069992,0.219834604,0,0,-0.07710396,0,1.276521739,0.221418234,-1,14,10255845,E
L,-0.098642038,-0.086619014,-0.112915262,0,-0.003971726,0.044374501,-0.127844243,-0.198438784,-0.22499657,-0.257911091,0,-0.282965253,-0.190774655,0,9,10255857,D
L,1.257317577,0.183054429,0.921473325,-0.01306718,0.029539055,-0.023813666,-0.06394735,-0.198438784,-0.22499657,-0.257911091,0,-0.282965253,-0.190774655,0,14,10255857,D
L,-0.051260965,0.008485515,0.702950895,-0.125,-0.204166222,-0.25584682,-0.180659515,0,0,-0.333333333,0,-0.433566434,-0.426843318,-0.300261097,11,10255861,E
L,-0.012124809,0.081107708,0.043699231,-0.011188157,-0.042917316,0.065069992,0.219834604,0,0,-0.333333333,0,-0.433566434,-0.426843318,-0.300261097,14,10255861,E
L,-0.00499299,0.170049513,0.255779517,0,0.008146795,0.11913277,0.702796324,0,-0.406995231,-0.567852437,0,0.227651967,0.565151515,-0.567209776,7,10255864,E
L,-0.012124809,0.081107708,0.043699231,-0.011188157,-0.042917316,0.065069992,0.219834604,0,-0.406995231,-0.567852437,0,0.227651967,0.565151515,-0.567209776,14,10255864,E
L,-0.011344514,0.189824608,0.047957581,-0.017553563,-0.094882319,0.281080301,0.65318163,0,-0.933054393,-1,0,-0.550955414,-0.973576543,-0.548009368,12,10255869,E
L,-0.012124809,0.081107708,0.043699231,-0.011188157,-0.042917316,0.065069992,0.219834604,0,-0.933054393,-1,0,-0.550955414,-0.973576543,-0.548009368,14,10255869,E
L,-0.00499299,0.170049513,0.255779517,0,0.008146795,0.11913277,0.702796324,0,1.716240616,0,0,0,-1,0,7,10255875,E
L,-0.012124809,0.081107708,0.043699231,-0.011188157,-0.042917316,0.065069992,0.219834604,0,1.716240616,0,0,0,-1,0,14,10255875,E
L,-0.166666667,0.019829194,-0.038332059,0,-0.143749676,0.022342228,-0.217836257,0,-0.241462003,0,0,0,0,0,5,10255886,E
L,-0.012124809,0.081107708,0.043699231,-0.011188157,-0.042917316,0.065069992,0.219834604,0,-0.241462003,0,0,0,0,0,14,10255886,E
M,0,0,0,0,0,0,0,0,0,0,0,0,0,0,2,10255889,M
M,0.239107291,-0.062448903,4.256307406,0,0.014727159,0.004592278,-0.068950662,0,0,0,0,0,0,0,14,10255889,M
M,0.498140189,-0.00035,0.06608513,0,-0.073161395,0.058284731,-0.243631454,0,0,0.101239669,0,0.031913232,0,-1,9,10255897,M
M,0.239107291,-0.062448903,4.256307406,0,0.014727159,0.004592278,-0.068950662,0,0,0.101239669,0,0.031913232,0,-1,14,10255897,M
M,0.498140189,-0.00035,0.06608513,0,-0.073161395,0.058284731,-0.243631454,0,0,0,0,0,0,0,9,10255929,M
M,0.239107291,-0.062448903,4.256307406,0,0.014727159,0.004592278,-0.068950662,0,0,0,0,0,0,0,14,10255929,M
L,0,-0.063489009,-0.152832733,0,-0.126999432,-0.086283347,-0.221112545,0,-0.75,-1,0,0,0,0,6,99889290,E
L,-0.012124809,0.081107708,0.043699231,-0.011188157,-0.042917316,0.065069992,0.219834604,0,-0.75,-1,0,0,0,0,14,99889290,E
L,0.078615021,-0.065292753,-0.082866539,0,0.237954781,0.137629439,-0.152935581,0.005843457,0,-0.005418343,0,0,0.378808031,0,6,99889294,D
L,1.257317577,0.183054429,0.921473325,-0.01306718,0.029539055,-0.023813666,-0.06394735,0.005843457,0,-0.005418343,0,0,0.378808031,0,14,99889294,D
L,0,-0.139253031,-0.015481293,0,0.096139801,0.030931346,3.436358768,0,0,0.007468086,0,0.566635766,0.0611777,9.75,5,99889312,B1
L,0.043344685,-0.026417415,0.012752196,-0.02971103,0.013531132,-0.053521663,1.197045482,0,0,0.007468086,0,0.566635766,0.0611777,9.75,14,99889312,B1
L,-0.166666667,0.019829194,-0.038332059,0,-0.143749676,0.022342228,-0.217836257,0,0,0,0,0,0,0,5,99889317,E
L,-0.012124809,0.081107708,0.043699231,-0.011188157,-0.042917316,0.065069992,0.219834604,0,0,0,0,0,0,0,14,99889317,E
L,0.143653653,-0.078450408,-0.290685509,0,-0.209364993,-0.135575209,-0.188833305,0,0,-0.842607438,0,-0.630373977,-1,-1,2,99889324,E
L,-0.012124809,0.081107708,0.043699231,-0.011188157,-0.042917316,0.065069992,0.219834604,0,0,-0.842607438,0,-0.630373977,-1,-1,14,99889324,E
L,0,0,0,0,0,0,0,0,0,0,0,0,0,0,10,99889337,C
L,0.036433969,0.03695889,0.067822873,-0.022847523,0.252073059,0.116797858,0.54254736,0,0,0,0,0,0,0,14,99889337,C
L,7.181445824,-0.171574852,5.531425402,0,-0.126540986,0.041047662,-0.018697911,0,-0.972719523,0.333439328,0,-0.440640178,1.327225131,-0.306370605,7,99889366,D
L,1.257317577,0.183054429,0.921473325,-0.01306718,0.029539055,-0.023813666,-0.06394735,0,-0.972719523,0.333439328,0,-0.440640178,1.327225131,-0.306370605,14,99889366,D
L,-0.00499299,0.170049513,0.255779517,0,0.008146795,0.11913277,0.702796324,0,-0.029545455,0.016525424,0,0,-0.247314185,0.078156313,7,99889369,E
L,-0.012124809,0.081107708,0.043699231,-0.011188157,-0.042917316,0.065069992,0.219834604,0,-0.029545455,0.016525424,0,0,-0.247314185,0.078156313,14,99889369,E
L,-0.00499299,0.170049513,0.255779517,0,0.008146795,0.11913277,0.702796324,0,4,0.541451805,0,0.72945571,2.074074074,0.462264151,7,99889373,E
L,-0.012124809,0.081107708,0.043699231,-0.011188157,-0.042917316,0.065069992,0.219834604,0,4,0.541451805,0,0.72945571,2.074074074,0.462264151,14,99889373,E
L,-0.00499299,0.170049513,0.255779517,0,0.008146795,0.11913277,0.702796324,0,0.085436893,2.289804469,0,-0.192977191,0.766344514,0.002949853,7,99889375,E
L,-0.012124809,0.081107708,0.043699231,-0.011188157,-0.042917316,0.065069992,0.219834604,0,0.085436893,2.289804469,0,-0.192977191,0.766344514,0.002949853,14,99889375,E
L,7.181445824,-0.171574852,5.531425402,0,-0.126540986,0.041047662,-0.018697911,-1,0.172704132,-0.015616568,0,0.209373748,0.046417214,0.360215054,7,99889382,D
L,1.257317577,0.183054429,0.921473325,-0.01306718,0.029539055,-0.023813666,-0.06394735,-1,0.172704132,-0.015616568,0,0.209373748,0.046417214,0.360215054,14,99889382,D
L,-0.00499299,0.170049513,0.255779517,0,0.008146795,0.11913277,0.702796324,0,0.029045643,5.383116883,0,0.477446584,-0.088427387,0.03052422,7,99889385,E
L,-0.012124809,0.081107708,0.043699231,-0.011188157,-0.042917316,0.065069992,0.219834604,0,0.029045643,5.383116883,0,0.477446584,-0.088427387,0.03052422,14,99889385,E
M,0.498140189,-0.00035,0.06608513,0,-0.073161395,0.058284731,-0.243631454,0,0,0,0,-0.089665914,0,0,9,99889400,M
M,0.239107291,-0.062448903,4.256307406,0,0.014727159,0.004592278,-0.068950662,0,0,0,0,-0.089665914,0,0,14,99889400,M
M,0,-0.157592093,-0.065816217,0,0,-0.452373194,0,0,0,0.033650794,0,0,0,0,1,99889401,M
M,0.239107291,-0.062448903,4.256307406,0,0.014727159,0.004592278,-0.068950662,0,0,0.033650794,0,0,0,0,14,99889401,M
M,0.498140189,-0.00035,0.06608513,0,-0.073161395,0.058284731,-0.243631454,0,0.63797942,-0.027159113,0,0.278827074,-0.168459602,-0.134245592,9,99889403,M
M,0.239107291,-0.062448903,4.256307406,0,0.014727159,0.004592278,-0.068950662,0,0.63797942,-0.027159113,0,0.278827074,-0.168459602,-0.134245592,14,99889403,M
M,0,-0.107830271,0.074918305,0,-0.030739555,0.017541001,0.421743823,0,-0.61443662,0.087671937,0,-0.184437331,0.105246008,0.621372032,10,99889405,M
M,0.239107291,-0.062448903,4.256307406,0,0.014727159,0.004592278,-0.068950662,0,-0.61443662,0.087671937,0,-0.184437331,0.105246008,0.621372032,14,99889405,M
L,0.031042654,-0.028768545,-0.016133149,0,-0.138211627,-0.11679015,-0.132464146,0,0,-0.239273363,0,-0.214344975,0,0,10,99889414,D
L,1.257317577,0.183054429,0.921473325,-0.01306718,0.029539055,-0.023813666,-0.06394735,0,0,-0.239273363,0,-0.214344975,0,0,14,99889414,D
L,0,0.191104085,-0.233531176,0,-0.055776172,-0.118927682,0.015977961,0,0,-0.03960737,0,0,0,0,10,99889415,E
L,-0.012124809,0.081107708,0.043699231,-0.011188157,-0.042917316,0.065069992,0.219834604,0,0,-0.03960737,0,0,0,0,14,99889415,E
L,-0.004667681,0,-0.000191,-0.333333333,-0.030838364,-0.266736578,-0.05848611,-0.014003044,0,-0.129222108,0,0.470258303,-0.303542904,0,2,99889443,D
L,1.257317577,0.183054429,0.921473325,-0.01306718,0.029539055,-0.023813666,-0.06394735,-0.014003044,0,-0.129222108,0,0.470258303,-0.303542904,0,14,99889443,D
L,0,-0.063489009,-0.152832733,0,-0.126999432,-0.086283347,-0.221112545,0,0,0.022143185,0,0.020393975,0.38659956,-0.520204366,6,99889447,E
L,-0.012124809,0.081107708,0.043699231,-0.011188157,-0.042917316,0.065069992,0.219834604,0,0,0.022143185,0,0.020393975,0.38659956,-0.520204366,14,99889447,E
L,0,-0.063489009,-0.152832733,0,-0.126999432,-0.086283347,-0.221112545,0,0,-0.18073403,0,0.187470998,-0.163149684,0,6,99889451,E
L,-0.012124809,0.081107708,0.043699231,-0.011188157,-0.042917316,0.065069992,0.219834604,0,0,-0.18073403,0,0.187470998,-0.163149684,0,14,99889451,E
L,-0.134304182,-0.07286916,0.100951816,0,0.228069787,0.221928589,0.13657786,0.608683068,-0.12689528,0,0,0,0,1.313380282,7,99889453,C
L,0.036433969,0.03695889,0.067822873,-0.022847523,0.252073059,0.116797858,0.54254736,0.608683068,-0.12689528,0,0,0,0,1.313380282,14,99889453,C
L,-0.004667681,0,-0.000191,-0.333333333,-0.030838364,-0.266736578,-0.05848611,0,0,0.096174212,-1,-0.282145782,-0.496666829,-0.175458329,2,99889464,D
L,1.257317577,0.183054429,0.921473325,-0.01306718,0.029539055,-0.023813666,-0.06394735,0,0,0.096174212,-1,-0.282145782,-0.496666829,-0.175458329,14,99889464,D
L,-0.098642038,-0.086619014,-0.112915262,0,-0.003971726,0.044374501,-0.127844243,0,0,0.106693688,0,-0.082524167,0.404122542,-0.281629393,9,99889468,D
L,1.257317577,0.183054429,0.921473325,-0.01306718,0.029539055,-0.023813666,-0.06394735,0,0,0.106693688,0,-0.082524167,0.404122542,-0.281629393,14,99889468,D
L,0.199367696,0.132934392,0.119379875,0,-0.026708137,0.155231611,0.013070458,0,0.027474293,0.196108759,0,-0.135021097,0.045217957,0,5,99889478,D
L,1.257317577,0.183054429,0.921473325,-0.01306718,0.029539055,-0.023813666,-0.06394735,0,0.027474293,0.196108759,0,-0.135021097,0.045217957,0,14,99889478,D
L,0,0.010696314,0.133319897,0,-0.056060816,-0.086743723,0.165025626,0,0.021392627,0,0,0,-0.173487446,-0.00230169,9,99889485,C
L,0.036433969,0.03695889,0.067822873,-0.022847523,0.252073059,0.116797858,0.54254736,0,0.021392627,0,0,0,-0.173487446,-0.00230169,14,99889485,C
L,7.181445824,-0.171574852,5.531425402,0,-0.126540986,0.041047662,-0.018697911,0,0,-0.259563658,0,-0.089469609,-0.068295035,-0.258416817,7,99889493,D
L,1.257317577,0.183054429,0.921473325,-0.01306718,0.029539055,-0.023813666,-0.06394735,0,0,-0.259563658,0,-0.089469609,-0.068295035,-0.258416817,14,99889493,D
L,-0.00499299,0.170049513,0.255779517,0,0.008146795,0.11913277,0.702796324,0,0,0,0,0,0,0,7,99889496,E
L,-0.012124809,0.081107708,0.043699231,-0.011188157,-0.042917316,0.065069992,0.219834604,0,0,0,0,0,0,0,14,99889496,E
L,0,-0.139253031,-0.015481293,0,0.096139801,0.030931346,3.436358768,0,-0.0332454,-0.115208417,0,-0.171784232,0.249170818,1.300099701,5,99889503,B1
L,0.043344685,-0.026417415,0.012752196,-0.02971103,0.013531132,-0.053521663,1.197045482,0,-0.0332454,-0.115208417,0,-0.171784232,0.249170818,1.300099701,14,99889503,B1
L,0.006036375,-0.001355807,0.186037861,0,0.445190796,0.046923641,0.589090077,0,-0.076923077,0.174227037,0,0.067065615,-0.036021926,0.140087252,6,99889508,C
L,0.036433969,0.03695889,0.067822873,-0.022847523,0.252073059,0.116797858,0.54254736,0,-0.076923077,0.174227037,0,0.067065615,-0.036021926,0.140087252,14,99889508,C
L,0.078615021,-0.065292753,-0.082866539,0,0.237954781,0.137629439,-0.152935581,0.333095796,-0.052219931,-0.645454545,0,0,0,-0.219512195,6,99889511,D
L,1.257317577,0.183054429,0.921473325,-0.01306718,0.029539055,-0.023813666,-0.06394735,0.333095796,-0.052219931,-0.645454545,0,0,0,-0.219512195,14,99889511,D
L,0.392094937,0.053160671,-0.277618358,0,0.696296296,-0.565924404,0.193795814,0,-0.128514056,-0.07790525,0,2.088888889,0.084097102,-0.201271186,1,99889517,D
L,1.257317577,0.183054429,0.921473325,-0.01306718,0.029539055,-0.023813666,-0.06394735,0,-0.128514056,-0.07790525,0,2.088888889,0.084097102,-0.201271186,14,99889517,D
L,0.078615021,-0.065292753,-0.082866539,0,0.237954781,0.137629439,-0.152935581,0,-0.157498552,-0.006725373,0,2.245944926,0.542527437,0,6,99889522,D
L,1.257317577,0.183054429,0.921473325,-0.01306718,0.029539055,-0.023813666,-0.06394735,0,-0.157498552,-0.006725373,0,2.245944926,0.542527437,0,14,99889522,D
L,0.307449105,0.022060958,0.027603206,0,0,0,1.654737206,0.307449105,0.022060958,0.027603206,0,0,0,1.654737206,3,99889523,B1
L,0.043344685,-0.026417415,0.012752196,-0.02971103,0.013531132,-0.053521663,1.197045482,0.307449105,0.022060958,0.027603206,0,0,0,1.654737206,14,99889523,B1
L,-0.098642038,-0.086619014,-0.112915262,0,-0.003971726,0.044374501,-0.127844243,-0.222222222,-0.168131115,-0.07101131,0,0,0,-0.444475299,9,99889527,D
L,1.257317577,0.183054429,0.921473325,-0.01306718,0.029539055,-0.023813666,-0.06394735,-0.222222222,-0.168131115,-0.07101131,0,0,0,-0.444475299,14,99889527,D
L,0.572080887,0.308071247,-0.10534707,-0.205627706,-0.110772525,0.175136612,1.37011518,0,0.38638963,0.305027156,0,-0.040926002,0.420905159,1.195530726,2,99889528,C
L,0.036433969,0.03695889,0.067822873,-0.022847523,0.252073059,0.116797858,0.54254736,0,0.38638963,0.305027156,0,-0.040926002,0.420905159,1.195530726,14,99889528,C
L,0,-0.139253031,-0.015481293,0,0.096139801,0.030931346,3.436358768,0,-0.384513692,0.061296453,0,-0.106432132,-0.217554479,-0.741023395,5,99889529,B1
L,0.043344685,-0.026417415,0.012752196,-0.02971103,0.013531132,-0.053521663,1.197045482,0,-0.384513692,0.061296453,0,-0.106432132,-0.217554479,-0.741023395,14,99889529,B1
L,0,0.139423217,-0.064933786,0,0.376148423,0.210160067,1.015606335,0,0.470408986,-0.084115339,0,0.899524779,0.783037975,2.72,5,99889530,C
L,0.036433969,0.03695889,0.067822873,-0.022847523,0.252073059,0.116797858,0.54254736,0,0.470408986,-0.084115339,0,0.899524779,0.783037975,2.72,14,99889530,C
L,0.199367696,0.132934392,0.119379875,0,-0.026708137,0.155231611,0.013070458,0,-0.109778044,0.061134356,0,-0.411099552,-0.120991346,0.117634125,5,99889536,D
L,1.257317577,0.183054429,0.921473325,-0.01306718,0.029539055,-0.023813666,-0.06394735,0,-0.109778044,0.061134356,0,-0.411099552,-0.120991346,0.117634125,14,99889536,D
L,0.199367696,0.132934392,0.119379875,0,-0.026708137,0.155231611,0.013070458,0,-0.027492177,0.104749042,0,0,-0.369517544,0,5,99889541,D
L,1.257317577,0.183054429,0.921473325,-0.01306718,0.029539055,-0.023813666,-0.06394735,0,-0.027492177,0.104749042,0,0,-0.369517544,0,14,99889541,D
L,0.153276396,0.016877181,-0.240649323,0,0.14261242,-0.014833386,-0.111899133,0.153276396,0.016877181,-0.240649323,0,0.14261242,-0.014833386,-0.111899133,12,99889561,C
L,0.036433969,0.03695889,0.067822873,-0.022847523,0.252073059,0.116797858,0.54254736,0.153276396,0.016877181,-0.240649323,0,0.14261242,-0.014833386,-0.111899133,14,99889561,C
L,-0.067145948,1.190986816,-0.004144422,-0.003652597,0.12139493,-0.142598821,0.017430947,0,-0.527859238,0.028334974,0,0.318006338,-0.063265749,0.197368421,12,99889563,D
L,1.257317577,0.183054429,0.921473325,-0.01306718,0.029539055,-0.023813666,-0.06394735,0,-0.527859238,0.028334974,0,0.318006338,-0.063265749,0.197368421,14,99889563,D
M,0.498140189,-0.00035,0.06608513,0,-0.073161395,0.058284731,-0.243631454,0,0,0.233041176,0,0.100161261,-0.39333513,0,9,99889567,M
M,0.239107291,-0.062448903,4.256307406,0,0.014727159,0.004592278,-0.068950662,0,0,0.233041176,0,0.100161261,-0.39333513,0,14,99889567,M
L,0.006036375,-0.001355807,0.186037861,0,0.445190796,0.046923641,0.589090077,0,0.064720812,0.249116645,0,0.238399399,0.820882222,4.341232227,6,99889569,C
L,0.036433969,0.03695889,0.067822873,-0.022847523,0.252073059,0.116797858,0.54254736,0,0.064720812,0.249116645,0,0.238399399,0.820882222,4.341232227,14,99889569,C
M,0,-0.107830271,0.074918305,0,-0.030739555,0.017541001,0.421743823,0,-0.001712711,0.056493202,0,0,0,1.909090909,10,99889587,M
M,0.239107291,-0.062448903,4.256307406,0,0.014727159,0.004592278,-0.068950662,0,-0.001712711,0.056493202,0,0,0,1.909090909,14,99889587,M
M,0,-0.199057233,30.11787086,0,0.292085273,-0.151985395,-0.018691589,0,0.031931879,-0.193577031,0,0,-0.063897764,-0.130841121,11,99889591,M
M,0.239107291,-0.062448903,4.256307406,0,0.014727159,0.004592278,-0.068950662,0,0.031931879,-0.193577031,0,0,-0.063897764,-0.130841121,14,99889591,M
L,0.078615021,-0.065292753,-0.082866539,0,0.237954781,0.137629439,-0.152935581,0.226775956,-0.346163917,-0.071130591,0,0,-0.150443497,-0.044414536,6,99889598,D
L,1.257317577,0.183054429,0.921473325,-0.01306718,0.029539055,-0.023813666,-0.06394735,0.226775956,-0.346163917,-0.071130591,0,0,-0.150443497,-0.044414536,14,99889598,D
L,-0.051260965,0.008485515,0.702950895,-0.125,-0.204166222,-0.25584682,-0.180659515,-0.410087719,-0.131944444,-0.181413858,0,-0.208520179,-1,0.071783904,11,99889606,E
L,-0.012124809,0.081107708,0.043699231,-0.011188157,-0.042917316,0.065069992,0.219834604,-0.410087719,-0.131944444,-0.181413858,0,-0.208520179,-1,0.071783904,14,99889606,E
L,0,0.139423217,-0.064933786,0,0.376148423,0.210160067,1.015606335,0,0,-0.322278707,0,0.21383416,-0.160003749,1.25328084,5,99889616,C
L,0.036433969,0.03695889,0.067822873,-0.022847523,0.252073059,0.116797858,0.54254736,0,0,-0.322278707,0,0.21383416,-0.160003749,1.25328084,14,99889616,C
L,0.02755102,0.070334767,-0.013775449,-0.089133089,-0.033371155,-0.191496336,-0.075541556,-1,0.153471139,-0.156400473,0,-0.091631807,-0.47689833,-0.226624668,7,99889623,B1
L,0.043344685,-0.026417415,0.012752196,-0.02971103,0.013531132,-0.053521663,1.197045482,-1,0.153471139,-0.156400473,0,-0.091631807,-0.47689833,-0.226624668,14,99889623,B1
M,0.498140189,-0.00035,0.06608513,0,-0.073161395,0.058284731,-0.243631454,0,1.078454333,0.15580464,0,-0.030107709,0.023903843,-0.004336631,9,99889643,M
M,0.239107291,-0.062448903,4.256307406,0,0.014727159,0.004592278,-0.068950662,0,1.078454333,0.15580464,0,-0.030107709,0.023903843,-0.004336631,14,99889643,M
L,0.572080887,0.308071247,-0.10534707,-0.205627706,-0.110772525,0.175136612,1.37011518,0,0.363756614,-0.372432627,-0.616883117,-0.208978873,0.124659495,3.1,2,99889652,C
L,0.036433969,0.03695889,0.067822873,-0.022847523,0.252073059,0.116797858,0.54254736,0,0.363756614,-0.372432627,-0.616883117,-0.208978873,0.124659495,3.1,14,99889652,C
M,0.498140189,-0.00035,0.06608513,0,-0.073161395,0.058284731,-0.243631454,-0.277968791,0,-0.161854791,0,-0.015767296,0.056982567,1.09991942,9,99889673,M
M,0.239107291,-0.062448903,4.256307406,0,0.014727159,0.004592278,-0.068950662,-0.277968791,0,-0.161854791,0,-0.015767296,0.056982567,1.09991942,14,99889673,M
M,0,-0.199057233,30.11787086,0,0.292085273,-0.151985395,-0.018691589,0,0,1.418080749,0,0,0,0,11,99889867,M
M,0.239107291,-0.062448903,4.256307406,0,0.014727159,0.004592278,-0.068950662,0,0,1.418080749,0,0,0,0,14,99889867,M
L,7.181445824,-0.171574852,5.531425402,0,-0.126540986,0.041047662,-0.018697911,96.20454545,0.337740747,-0.162080739,0,0.246772969,-0.198525799,-0.167372283,7,99889911,D
L,1.257317577,0.183054429,0.921473325,-0.01306718,0.029539055,-0.023813666,-0.06394735,96.20454545,0.337740747,-0.162080739,0,0.246772969,-0.198525799,-0.167372283,14,99889911,D
L,-0.067145948,1.190986816,-0.004144422,-0.003652597,0.12139493,-0.142598821,0.017430947,0.513274336,0,0.065804863,0,-0.19688676,-0.158044684,-0.492640693,12,99889928,D
L,1.257317577,0.183054429,0.921473325,-0.01306718,0.029539055,-0.023813666,-0.06394735,0.513274336,0,0.065804863,0,-0.19688676,-0.158044684,-0.492640693,14,99889928,D
L,-0.067145948,1.190986816,-0.004144422,-0.003652597,0.12139493,-0.142598821,0.017430947,-0.281070746,0,-0.131095051,0,0,-0.280723597,0.061550152,12,99889930,D
L,1.257317577,0.183054429,0.921473325,-0.01306718,0.029539055,-0.023813666,-0.06394735,-0.281070746,0,-0.131095051,0,0,-0.280723597,0.061550152,14,99889930,D
L,-0.012355179,-0.117019413,-0.102478685,0,0.006135814,0.105352506,-0.133405784,0,-0.610162763,-0.005785301,0,0.144791667,-0.105047495,-0.326173673,9,99889935,E
L,-0.012124809,0.081107708,0.043699231,-0.011188157,-0.042917316,0.065069992,0.219834604,0,-0.610162763,-0.005785301,0,0.144791667,-0.105047495,-0.326173673,14,99889935,E
M,0.498140189,-0.00035,0.06608513,0,-0.073161395,0.058284731,-0.243631454,0,-1,-0.059418566,0,-0.669652856,-0.090008133,0.173724293,9,99889938,M
M,0.239107291,-0.062448903,4.256307406,0,0.014727159,0.004592278,-0.068950662,0,-1,-0.059418566,0,-0.669652856,-0.090008133,0.173724293,14,99889938,M
L,-0.011344514,0.189824608,0.047957581,-0.017553563,-0.094882319,0.281080301,0.65318163,0,0.006042296,-0.55878682,0,-0.196918115,-0.181964573,0,12,99889940,E
L,-0.012124809,0.081107708,0.043699231,-0.011188157,-0.042917316,0.065069992,0.219834604,0,0.006042296,-0.55878682,0,-0.196918115,-0.181964573,0,14,99889940,E
M,0,-0.300442201,-0.198788023,0,0,0,0,0,-0.071534852,-0.397576046,0,0,0,0,3,99889947,M
M,0.239107291,-0.062448903,4.256307406,0,0.014727159,0.004592278,-0.068950662,0,-0.071534852,-0.397576046,0,0,0,0,14,99889947,M
L,0.199367696,0.132934392,0.119379875,0,-0.026708137,0.155231611,0.013070458,0,-0.135606874,0.152295731,0,0.175850966,0,0,5,99889951,D
L,1.257317577,0.183054429,0.921473325,-0.01306718,0.029539055,-0.023813666,-0.06394735,0,-0.135606874,0.152295731,0,0.175850966,0,0,14,99889951,D
L,-0.067145948,1.190986816,-0.004144422,-0.003652597,0.12139493,-0.142598821,0.017430947,0,19,-0.220612786,0,-0.054794521,-0.431282366,1.8,12,99889957,D
L,1.257317577,0.183054429,0.921473325,-0.01306718,0.029539055,-0.023813666,-0.06394735,0,19,-0.220612786,0,-0.054794521,-0.431282366,1.8,14,99889957,D
L,-0.067145948,1.190986816,-0.004144422,-0.003652597,0.12139493,-0.142598821,0.017430947,0,-0.234567901,-0.127989433,0,-0.123509811,-0.462087642,-0.311403891,12,99889959,D
L,1.257317577,0.183054429,0.921473325,-0.01306718,0.029539055,-0.023813666,-0.06394735,0,-0.234567901,-0.127989433,0,-0.123509811,-0.462087642,-0.311403891,14,99889959,D
L,-0.067145948,1.190986816,-0.004144422,-0.003652597,0.12139493,-0.142598821,0.017430947,0,-0.974986406,0.095548586,0,0.614205416,-0.170653338,0.292978208,12,99889960,D
L,1.257317577,0.183054429,0.921473325,-0.01306718,0.029539055,-0.023813666,-0.06394735,0,-0.974986406,0.095548586,0,0.614205416,-0.170653338,0.292978208,14,99889960,D
L,0.031042654,-0.028768545,-0.016133149,0,-0.138211627,-0.11679015,-0.132464146,0,0,-0.132776641,0,-0.269156544,-0.369679109,0,10,99889969,D
L,1.257317577,0.183054429,0.921473325,-0.01306718,0.029539055,-0.023813666,-0.06394735,0,0,-0.132776641,0,-0.269156544,-0.369679109,0,14,99889969,D
L,0.006036375,-0.001355807,0.186037861,0,0.445190796,0.046923641,0.589090077,0,0,-0.114662118,0,-0.04011065,0,0,6,99890000,C
L,0.036433969,0.03695889,0.067822873,-0.022847523,0.252073059,0.116797858,0.54254736,0,0,-0.114662118,0,-0.04011065,0,0,14,99890000,C
L,0.006036375,-0.001355807,0.186037861,0,0.445190796,0.046923641,0.589090077,0,0,0.40578614,0,0.701680672,0.487757101,0.45,6,99890019,C
L,0.036433969,0.03695889,0.067822873,-0.022847523,0.252073059,0.116797858,0.54254736,0,0,0.40578614,0,0.701680672,0.487757101,0.45,14,99890019,C
L,0.572080887,0.308071247,-0.10534707,-0.205627706,-0.110772525,0.175136612,1.37011518,1.716242661,0.174067496,-0.248635737,0,-0.082412698,-0.020154818,-0.185185185,2,99890022,C
L,0.036433969,0.03695889,0.067822873,-0.022847523,0.252073059,0.116797858,0.54254736,1.716242661,0.174067496,-0.248635737,0,-0.082412698,-0.020154818,-0.185185185,14,99890022,C
L,-0.067145948,1.190986816,-0.004144422,-0.003652597,0.12139493,-0.142598821,0.017430947,0,-0.300221668,0.243902439,0,0.085381429,0,0.408345753,12,99890032,D
L,1.257317577,0.183054429,0.921473325,-0.01306718,0.029539055,-0.023813666,-0.06394735,0,-0.300221668,0.243902439,0,0.085381429,0,0.408345753,14,99890032,D
L,0.031042654,-0.028768545,-0.016133149,0,-0.138211627,-0.11679015,-0.132464146,0,0.010629067,-0.113343715,0,0.001306506,-0.144963829,0,10,99890045,D
L,1.257317577,0.183054429,0.921473325,-0.01306718,0.029539055,-0.023813666,-0.06394735,0,0.010629067,-0.113343715,0,0.001306506,-0.144963829,0,14,99890045,D
M,0.498140189,-0.00035,0.06608513,0,-0.073161395,0.058284731,-0.243631454,0,-0.273001311,0.27421988,0,-0.02240761,0,0,9,99890048,M
M,0.239107291,-0.062448903,4.256307406,0,0.014727159,0.004592278,-0.068950662,0,-0.273001311,0.27421988,0,-0.02240761,0,0,14,99890048,M
M,0.498140189,-0.00035,0.06608513,0,-0.073161395,0.058284731,-0.243631454,-0.666666667,-1,-0.201001033,0,-0.466880587,-0.107256333,-0.517630264,9,99890059,M
M,0.239107291,-0.062448903,4.256307406,0,0.014727159,0.004592278,-0.068950662,-0.666666667,-1,-0.201001033,0,-0.466880587,-0.107256333,-0.517630264,14,99890059,M
M,0.498140189,-0.00035,0.06608513,0,-0.073161395,0.058284731,-0.243631454,0,0,0,0,0,0,0,9,99890074,M
M,0.239107291,-0.062448903,4.256307406,0,0.014727159,0.004592278,-0.068950662,0,0,0,0,0,0,0,14,99890074,M
M,0.498140189,-0.00035,0.06608513,0,-0.073161395,0.058284731,-0.243631454,0,0,0,0,-0.335507584,0,0,9,99890075,M
M,0.239107291,-0.062448903,4.256307406,0,0.014727159,0.004592278,-0.068950662,0,0,0,0,-0.335507584,0,0,14,99890075,M
M,0,-0.107830271,0.074918305,0,-0.030739555,0.017541001,0.421743823,0,0,0,0,0,0,0,10,99890078,M
M,0.239107291,-0.062448903,4.256307406,0,0.014727159,0.004592278,-0.068950662,0,0,0,0,0,0,0,14,99890078,M
M,0,-0.107830271,0.074918305,0,-0.030739555,0.017541001,0.421743823,0,0,0,0,0,0,0,10,99890079,M
M,0.239107291,-0.062448903,4.256307406,0,0.014727159,0.004592278,-0.068950662,0,0,0,0,0,0,0,14,99890079,M
M,0,-0.199057233,30.11787086,0,0.292085273,-0.151985395,-0.018691589,0,0,0,0,0,0,0,11,99890081,M
M,0.239107291,-0.062448903,4.256307406,0,0.014727159,0.004592278,-0.068950662,0,0,0,0,0,0,0,14,99890081,M
M,0,-0.199057233,30.11787086,0,0.292085273,-0.151985395,-0.018691589,0,0,2.044596913,0,2.044596913,0,0,11,99890082,M
M,0.239107291,-0.062448903,4.256307406,0,0.014727159,0.004592278,-0.068950662,0,0,2.044596913,0,2.044596913,0,0,14,99890082,M
L,0.006036375,-0.001355807,0.186037861,0,0.445190796,0.046923641,0.589090077,0,0,0.405653471,0,0.481855835,-0.079537522,0,6,99890121,C
L,0.036433969,0.03695889,0.067822873,-0.022847523,0.252073059,0.116797858,0.54254736,0,0,0.405653471,0,0.481855835,-0.079537522,0,14,99890121,C
L,-0.098642038,-0.086619014,-0.112915262,0,-0.003971726,0.044374501,-0.127844243,-0.174404273,-0.222321306,-0.2555013,0,-0.271073227,-0.216642755,-0.283538796,9,99890123,D
L,1.257317577,0.183054429,0.921473325,-0.01306718,0.029539055,-0.023813666,-0.06394735,-0.174404273,-0.222321306,-0.2555013,0,-0.271073227,-0.216642755,-0.283538796,14,99890123,D
L,-0.134304182,-0.07286916,0.100951816,0,0.228069787,0.221928589,0.13657786,-0.770745429,-0.285461569,0.186502782,0,0.26043724,0.461199537,0.362432565,7,99890124,C
L,0.036433969,0.03695889,0.067822873,-0.022847523,0.252073059,0.116797858,0.54254736,-0.770745429,-0.285461569,0.186502782,0,0.26043724,0.461199537,0.362432565,14,99890124,C
M,0.498140189,-0.00035,0.06608513,0,-0.073161395,0.058284731,-0.243631454,0,-0.292899408,0.512821517,0,0.096608866,-0.171672495,-1,9,99890132,M
M,0.239107291,-0.062448903,4.256307406,0,0.014727159,0.004592278,-0.068950662,0,-0.292899408,0.512821517,0,0.096608866,-0.171672495,-1,14,99890132,M
M,0.498140189,-0.00035,0.06608513,0,-0.073161395,0.058284731,-0.243631454,-1,0,0.02356102,0,-0.068796666,-0.292427457,-0.914302905,9,99890135,M
M,0.239107291,-0.062448903,4.256307406,0,0.014727159,0.004592278,-0.068950662,-1,0,0.02356102,0,-0.068796666,-0.292427457,-0.914302905,14,99890135,M
M,0.498140189,-0.00035,0.06608513,0,-0.073161395,0.058284731,-0.243631454,14.9,0,0.616428033,0,0.730017762,2.360777244,-1,9,99890140,M
M,0.239107291,-0.062448903,4.256307406,0,0.014727159,0.004592278,-0.068950662,14.9,0,0.616428033,0,0.730017762,2.360777244,-1,14,99890140,M
M,0.498140189,-0.00035,0.06608513,0,-0.073161395,0.058284731,-0.243631454,0,0.217391304,0.081199013,0,-0.041137493,0.001767721,-0.962481962,9,99890146,M
M,0.239107291,-0.062448903,4.256307406,0,0.014727159,0.004592278,-0.068950662,0,0.217391304,0.081199013,0,-0.041137493,0.001767721,-0.962481962,14,99890146,M
M,0.498140189,-0.00035,0.06608513,0,-0.073161395,0.058284731,-0.243631454,0,-0.622641509,0.169956668,0,-0.109691493,0.118517548,-0.430147059,9,99890151,M
M,0.239107291,-0.062448903,4.256307406,0,0.014727159,0.004592278,-0.068950662,0,-0.622641509,0.169956668,0,-0.109691493,0.118517548,-0.430147059,14,99890151,M
M,0.498140189,-0.00035,0.06608513,0,-0.073161395,0.058284731,-0.243631454,0,0,0,0,0,0,0,9,99890153,M
M,0.239107291,-0.062448903,4.256307406,0,0.014727159,0.004592278,-0.068950662,0,0,0,0,0,0,0,14,99890153,M
M,0,0,0.091624333,0,0.105345308,0.191091954,0,0,0,0.381412839,0,0.525290297,0,0,7,99890258,M
M,0.239107291,-0.062448903,4.256307406,0,0.014727159,0.004592278,-0.068950662,0,0,0.381412839,0,0.525290297,0,0,14,99890258,M
L,-0.012355179,-0.117019413,-0.102478685,0,0.006135814,0.105352506,-0.133405784,0,0,-0.743036837,0,-0.084054296,-0.351451884,-0.596596281,9,99890301,E
L,-0.012124809,0.081107708,0.043699231,-0.011188157,-0.042917316,0.065069992,0.219834604,0,0,-0.743036837,0,-0.084054296,-0.351451884,-0.596596281,14,99890301,E
M,0.498140189,-0.00035,0.06608513,0,-0.073161395,0.058284731,-0.243631454,-1,0,-0.179453237,0,0.005189667,0.041034715,-0.559006211,9,99890359,M
M,0.239107291,-0.062448903,4.256307406,0,0.014727159,0.004592278,-0.068950662,-1,0,-0.179453237,0,0.005189667,0.041034715,-0.559006211,14,99890359,M
L,-0.034532953,-0.289882562,-0.142554856,0,0,0.081132075,-0.345619372,0,0.078947368,-0.30156346,0,0,0,-0.091929063,3,99890437,D
L,1.257317577,0.183054429,0.921473325,-0.01306718,0.029539055,-0.023813666,-0.06394735,0,0.078947368,-0.30156346,0,0,0,-0.091929063,14,99890437,D
L,0.02755102,0.070334767,-0.013775449,-0.089133089,-0.033371155,-0.191496336,-0.075541556,1.082653061,0,-0.058993145,-0.267399267,0.010467181,-0.097590678,0,7,99899365,B1
L,0.043344685,-0.026417415,0.012752196,-0.02971103,0.013531132,-0.053521663,1.197045482,1.082653061,0,-0.058993145,-0.267399267,0.010467181,-0.097590678,0,14,99899365,B1
L,7.181445824,-0.171574852,5.531425402,0,-0.126540986,0.041047662,-0.018697911,0,0.1,0.1,0,0.1,0,0,7,99899572,D
L,1.257317577,0.183054429,0.921473325,-0.01306718,0.029539055,-0.023813666,-0.06394735,0,0.1,0.1,0,0.1,0,0,14,99899572,D
L,0.199367696,0.132934392,0.119379875,0,-0.026708137,0.155231611,0.013070458,0.216748768,1.657894737,0.080501368,0,0.217619603,0.526758148,0,5,99899594,D
L,1.257317577,0.183054429,0.921473325,-0.01306718,0.029539055,-0.023813666,-0.06394735,0.216748768,1.657894737,0.080501368,0,0.217619603,0.526758148,0,14,99899594,D
L,0,0.139423217,-0.064933786,0,0.376148423,0.210160067,1.015606335,0,0,0.087654549,0,0.057539877,0.217606043,0.0891445,5,99899610,C
L,0.036433969,0.03695889,0.067822873,-0.022847523,0.252073059,0.116797858,0.54254736,0,0,0.087654549,0,0.057539877,0.217606043,0.0891445,14,99899610,C
L,-0.012355179,-0.117019413,-0.102478685,0,0.006135814,0.105352506,-0.133405784,0,0.081709107,-0.086230876,0,0,0,0,9,99899685,E
L,-0.012124809,0.081107708,0.043699231,-0.011188157,-0.042917316,0.065069992,0.219834604,0,0.081709107,-0.086230876,0,0,0,0,14,99899685,E
M,0,0,0,0,0,0,0,0,0,0,0,0,0,0,2,99901084,M
M,0.239107291,-0.062448903,4.256307406,0,0.014727159,0.004592278,-0.068950662,0,0,0,0,0,0,0,14,99901084,M
M,0,-0.107830271,0.074918305,0,-0.030739555,0.017541001,0.421743823,0,0,0,0,0,0,0,10,99901087,M
M,0.239107291,-0.062448903,4.256307406,0,0.014727159,0.004592278,-0.068950662,0,0,0,0,0,0,0,14,99901087,M
M,0.498140189,-0.00035,0.06608513,0,-0.073161395,0.058284731,-0.243631454,0,0,0,0,-1,0,0,9,99901088,M
M,0.239107291,-0.062448903,4.256307406,0,0.014727159,0.004592278,-0.068950662,0,0,0,0,-1,0,0,14,99901088,M
M,0,0,0.091624333,0,0.105345308,0.191091954,0,0,0,0,0,0,0,0,7,99901091,M
M,0.239107291,-0.062448903,4.256307406,0,0.014727159,0.004592278,-0.068950662,0,0,0,0,0,0,0,14,99901091,M
M,0,0,0.091624333,0,0.105345308,0.191091954,0,0,0,0,0,0,0,0,7,99901093,M
M,0.239107291,-0.062448903,4.256307406,0,0.014727159,0.004592278,-0.068950662,0,0,0,0,0,0,0,14,99901093,M
M,0,0,0.091624333,0,0.105345308,0.191091954,0,0,0,0,0,0,0,0,7,99901094,M
M,0.239107291,-0.062448903,4.256307406,0,0.014727159,0.004592278,-0.068950662,0,0,0,0,0,0,0,14,99901094,M
L,-0.134304182,-0.07286916,0.100951816,0,0.228069787,0.221928589,0.13657786,0,0,0.329228391,0,1.074499006,0.288069684,0,7,99902286,C
L,0.036433969,0.03695889,0.067822873,-0.022847523,0.252073059,0.116797858,0.54254736,0,0,0.329228391,0,1.074499006,0.288069684,0,14,99902286,C
L,-0.011344514,0.189824608,0.047957581,-0.017553563,-0.094882319,0.281080301,0.65318163,0,-0.452631579,-0.048073063,0,-0.135734072,0.223607038,28.64,12,99905305,E
L,-0.012124809,0.081107708,0.043699231,-0.011188157,-0.042917316,0.065069992,0.219834604,0,-0.452631579,-0.048073063,0,-0.135734072,0.223607038,28.64,14,99905305,E
L,-0.067145948,1.190986816,-0.004144422,-0.003652597,0.12139493,-0.142598821,0.017430947,0.109662577,0,-0.270301721,-0.058441558,1.617021277,-0.605829029,-1,12,99905598,D
L,1.257317577,0.183054429,0.921473325,-0.01306718,0.029539055,-0.023813666,-0.06394735,0.109662577,0,-0.270301721,-0.058441558,1.617021277,-0.605829029,-1,14,99905598,D
M,0,-0.107830271,0.074918305,0,-0.030739555,0.017541001,0.421743823,0,-0.030832294,0.305344691,0,0,0,0,10,99905673,M
M,0.239107291,-0.062448903,4.256307406,0,0.014727159,0.004592278,-0.068950662,0,-0.030832294,0.305344691,0,0,0,0,14,99905673,M
M,0,-0.199057233,30.11787086,0,0.292085273,-0.151985395,-0.018691589,0,-0.075098814,-0.075583549,0,0,0,0,11,99906423,M
M,0.239107291,-0.062448903,4.256307406,0,0.014727159,0.004592278,-0.068950662,0,-0.075098814,-0.075583549,0,0,0,0,14,99906423,M
L,0.199367696,0.132934392,0.119379875,0,-0.026708137,0.155231611,0.013070458,1.846878681,-0.233074362,0.350258999,0,0.000308,0.075268817,0,5,99907376,D
L,1.257317577,0.183054429,0.921473325,-0.01306718,0.029539055,-0.023813666,-0.06394735,1.846878681,-0.233074362,0.350258999,0,0.000308,0.075268817,0,14,99907376,D
L,0,0,0.214285714,3,15.5,-1,0,0,0,0.214285714,3,15.5,-1,0,7,99922443,A
L,0,0.038309517,0.151442861,1,5.161101642,-0.361959207,0.323113902,0,0,0.214285714,3,15.5,-1,0,14,99922443,A
L,0,0.057464275,0.120021434,0,-0.008347538,-0.04293881,0.484670853,0,0,0.242535778,0,0,0,0.293758273,10,99922674,A
L,0,0.038309517,0.151442861,1,5.161101642,-0.361959207,0.323113902,0,0,0.242535778,0,0,0,0.293758273,14,99922674,A
L,-0.00499299,0.170049513,0.255779517,0,0.008146795,0.11913277,0.702796324,0,0,-0.569461827,0,-0.830794469,-0.600861731,0,7,99922691,E
L,-0.012124809,0.081107708,0.043699231,-0.011188157,-0.042917316,0.065069992,0.219834604,0,0,-0.569461827,0,-0.830794469,-0.600861731,0,14,99922691,E
L,0.006036375,-0.001355807,0.186037861,0,0.445190796,0.046923641,0.589090077,0,0,0.243831115,0,0.382695446,0.026484717,0.102696078,6,99923579,C
L,0.036433969,0.03695889,0.067822873,-0.022847523,0.252073059,0.116797858,0.54254736,0,0,0.243831115,0,0.382695446,0.026484717,0.102696078,14,99923579,C
L,0.199367696,0.132934392,0.119379875,0,-0.026708137,0.155231611,0.013070458,0,0,0.077874842,0,-0.07312144,-0.091567928,0,5,99924585,D
L,1.257317577,0.183054429,0.921473325,-0.01306718,0.029539055,-0.023813666,-0.06394735,0,0,0.077874842,0,-0.07312144,-0.091567928,0,14,99924585,D
L,0,-0.063489009,-0.152832733,0,-0.126999432,-0.086283347,-0.221112545,0,0,0,0,-1,-1,-1,6,99924816,E
L,-0.012124809,0.081107708,0.043699231,-0.011188157,-0.042917316,0.065069992,0.219834604,0,0,0,0,-1,-1,-1,14,99924816,E
M,0,0,0.091624333,0,0.105345308,0.191091954,0,0,0,0.168333162,0,0.106781552,1.146551724,0,7,99927095,M
M,0.239107291,-0.062448903,4.256307406,0,0.014727159,0.004592278,-0.068950662,0,0,0.168333162,0,0.106781552,1.146551724,0,14,99927095,M
M,0.498140189,-0.00035,0.06608513,0,-0.073161395,0.058284731,-0.243631454,0,0,0,0,0,0,0,9,99927139,M
M,0.239107291,-0.062448903,4.256307406,0,0.014727159,0.004592278,-0.068950662,0,0,0,0,0,0,0,14,99927139,M
M,0,0,0.091624333,0,0.105345308,0.191091954,0,0,0,0,0,0,0,0,7,99927141,M
M,0.239107291,-0.062448903,4.256307406,0,0.014727159,0.004592278,-0.068950662,0,0,0,0,0,0,0,14,99927141,M
L,0,0.191104085,-0.233531176,0,-0.055776172,-0.118927682,0.015977961,0,0,-0.101045716,0,0,0,0,10,99927143,E
L,-0.012124809,0.081107708,0.043699231,-0.011188157,-0.042917316,0.065069992,0.219834604,0,0,-0.101045716,0,0,0,0,14,99927143,E
M,0.498140189,-0.00035,0.06608513,0,-0.073161395,0.058284731,-0.243631454,0,0.612272421,-0.180931889,0,-0.123218792,-0.15458226,-0.300033565,9,99927386,M
M,0.239107291,-0.062448903,4.256307406,0,0.014727159,0.004592278,-0.068950662,0,0.612272421,-0.180931889,0,-0.123218792,-0.15458226,-0.300033565,14,99927386,M
L,-0.011344514,0.189824608,0.047957581,-0.017553563,-0.094882319,0.281080301,0.65318163,0,0.160997732,0.363975357,0,1.028880866,0.137777778,0,12,99928400,E
L,-0.012124809,0.081107708,0.043699231,-0.011188157,-0.042917316,0.065069992,0.219834604,0,0.160997732,0.363975357,0,1.028880866,0.137777778,0,14,99928400,E
L,-0.004667681,0,-0.000191,-0.333333333,-0.030838364,-0.266736578,-0.05848611,0,0,0.032475404,0,-0.280627613,0,0,2,99928402,D
L,1.257317577,0.183054429,0.921473325,-0.01306718,0.029539055,-0.023813666,-0.06394735,0,0,0.032475404,0,-0.280627613,0,0,14,99928402,D
L,-0.166666667,0.019829194,-0.038332059,0,-0.143749676,0.022342228,-0.217836257,-1,0,-0.259259259,0,-0.833333333,0,-0.5,5,99928403,E
L,-0.012124809,0.081107708,0.043699231,-0.011188157,-0.042917316,0.065069992,0.219834604,-1,0,-0.259259259,0,-0.833333333,0,-0.5,14,99928403,E
L,0.031042654,-0.028768545,-0.016133149,0,-0.138211627,-0.11679015,-0.132464146,0,-0.183139535,-0.061318006,0,-0.20078814,0.365914787,0,10,99928410,D
L,1.257317577,0.183054429,0.921473325,-0.01306718,0.029539055,-0.023813666,-0.06394735,0,-0.183139535,-0.061318006,0,-0.20078814,0.365914787,0,14,99928410,D
L,0.006036375,-0.001355807,0.186037861,0,0.445190796,0.046923641,0.589090077,0,0,0.132789881,0,1.275598858,-0.448535012,0,6,99928442,C
L,0.036433969,0.03695889,0.067822873,-0.022847523,0.252073059,0.116797858,0.54254736,0,0,0.132789881,0,1.275598858,-0.448535012,0,14,99928442,C
L,-0.067145948,1.190986816,-0.004144422,-0.003652597,0.12139493,-0.142598821,0.017430947,0,-0.085443038,-0.06310221,0,0,-0.07694126,0.081532073,12,99929348,D
L,1.257317577,0.183054429,0.921473325,-0.01306718,0.029539055,-0.023813666,-0.06394735,0,-0.085443038,-0.06310221,0,0,-0.07694126,0.081532073,14,99929348,D
L,0.392094937,0.053160671,-0.277618358,0,0.696296296,-0.565924404,0.193795814,0,0,-0.754949824,0,0,-1,0,1,99929353,D
L,1.257317577,0.183054429,0.921473325,-0.01306718,0.029539055,-0.023813666,-0.06394735,0,0,-0.754949824,0,0,-1,0,14,99929353,D
L,-0.011344514,0.189824608,0.047957581,-0.017553563,-0.094882319,0.281080301,0.65318163,-0.210526316,0.002710027,-0.504451864,-0.667035398,-0.423332169,4.088262056,-0.720507715,12,99929365,E
L,-0.012124809,0.081107708,0.043699231,-0.011188157,-0.042917316,0.065069992,0.219834604,-0.210526316,0.002710027,-0.504451864,-0.667035398,-0.423332169,4.088262056,-0.720507715,14,99929365,E
L,-0.011344514,0.189824608,0.047957581,-0.017553563,-0.094882319,0.281080301,0.65318163,0,-0.309260833,-0.432418699,0,0.184226015,0,0.070621469,12,99929389,E
L,-0.012124809,0.081107708,0.043699231,-0.011188157,-0.042917316,0.065069992,0.219834604,0,-0.309260833,-0.432418699,0,0.184226015,0,0.070621469,14,99929389,E
L,-0.134304182,-0.07286916,0.100951816,0,0.228069787,0.221928589,0.13657786,-0.778066914,0,0.01366172,0,0.261552266,1.014898329,-0.846526656,7,99929392,C
L,0.036433969,0.03695889,0.067822873,-0.022847523,0.252073059,0.116797858,0.54254736,-0.778066914,0,0.01366172,0,0.261552266,1.014898329,-0.846526656,14,99929392,C
L,-0.051260965,0.008485515,0.702950895,-0.125,-0.204166222,-0.25584682,-0.180659515,0,0,6.45908807,0,0,-0.741956731,0,11,99929399,E
L,-0.012124809,0.081107708,0.043699231,-0.011188157,-0.042917316,0.065069992,0.219834604,0,0,6.45908807,0,0,-0.741956731,0,14,99929399,E
L,-0.011344514,0.189824608,0.047957581,-0.017553563,-0.094882319,0.281080301,0.65318163,0,-0.025641026,3.109589041,0,-0.339928058,-0.444402705,0.294392523,12,99929415,E
L,-0.012124809,0.081107708,0.043699231,-0.011188157,-0.042917316,0.065069992,0.219834604,0,-0.025641026,3.109589041,0,-0.339928058,-0.444402705,0.294392523,14,99929415,E
M,0,-0.157592093,-0.065816217,0,0,-0.452373194,0,0,0,-0.095022381,0,0,-0.909090909,0,1,99929592,M
M,0.239107291,-0.062448903,4.256307406,0,0.014727159,0.004592278,-0.068950662,0,0,-0.095022381,0,0,-0.909090909,0,14,99929592,M
L,-0.011344514,0.189824608,0.047957581,-0.017553563,-0.094882319,0.281080301,0.65318163,0,-0.09112426,-0.332461589,0,0,0.237801832,0.3623116,12,99930120,E
L,-0.012124809,0.081107708,0.043699231,-0.011188157,-0.042917316,0.065069992,0.219834604,0,-0.09112426,-0.332461589,0,0,0.237801832,0.3623116,14,99930120,E
L,0.031042654,-0.028768545,-0.016133149,0,-0.138211627,-0.11679015,-0.132464146,0,0,0.168837693,0,-0.090861619,-0.071804926,-1,10,99930124,D
L,1.257317577,0.183054429,0.921473325,-0.01306718,0.029539055,-0.023813666,-0.06394735,0,0,0.168837693,0,-0.090861619,-0.071804926,-1,14,99930124,D
L,0.078615021,-0.065292753,-0.082866539,0,0.237954781,0.137629439,-0.152935581,0,0,0.198242119,0,-0.449686572,-0.048664487,-1,6,99931662,D
L,1.257317577,0.183054429,0.921473325,-0.01306718,0.029539055,-0.023813666,-0.06394735,0,0,0.198242119,0,-0.449686572,-0.048664487,-1,14,99931662,D
L,-0.011344514,0.189824608,0.047957581,-0.017553563,-0.094882319,0.281080301,0.65318163,0,-0.556603774,-0.065832785,0,1.653061224,0.472161742,-0.163879599,12,99931669,E
L,-0.012124809,0.081107708,0.043699231,-0.011188157,-0.042917316,0.065069992,0.219834604,0,-0.556603774,-0.065832785,0,1.653061224,0.472161742,-0.163879599,14,99931669,E
L,0,0.191104085,-0.233531176,0,-0.055776172,-0.118927682,0.015977961,0,-0.098350641,-0.647309598,0,-0.476142433,0.023876404,0.175757576,10,99931720,E
L,-0.012124809,0.081107708,0.043699231,-0.011188157,-0.042917316,0.065069992,0.219834604,0,-0.098350641,-0.647309598,0,-0.476142433,0.023876404,0.175757576,14,99931720,E
L,-0.00499299,0.170049513,0.255779517,0,0.008146795,0.11913277,0.702796324,-0.149789712,-0.05,0,0,0,0,0.515781168,7,99932361,E
L,-0.012124809,0.081107708,0.043699231,-0.011188157,-0.042917316,0.065069992,0.219834604,-0.149789712,-0.05,0,0,0,0,0.515781168,14,99932361,E
L,-0.067145948,1.190986816,-0.004144422,-0.003652597,0.12139493,-0.142598821,0.017430947,0,-0.303900415,-0.10315257,0,-0.197722476,0,0,12,99932367,D
L,1.257317577,0.183054429,0.921473325,-0.01306718,0.029539055,-0.023813666,-0.06394735,0,-0.303900415,-0.10315257,0,-0.197722476,0,0,14,99932367,D
L,-0.011344514,0.189824608,0.047957581,-0.017553563,-0.094882319,0.281080301,0.65318163,0,-0.084568096,-1,0,0,0,0,12,99932370,E
L,-0.012124809,0.081107708,0.043699231,-0.011188157,-0.042917316,0.065069992,0.219834604,0,-0.084568096,-1,0,0,0,0,14,99932370,E
L,-0.098642038,-0.086619014,-0.112915262,0,-0.003971726,0.044374501,-0.127844243,0,-0.103118032,-0.115654206,0,0,0,0,9,99932371,D
L,1.257317577,0.183054429,0.921473325,-0.01306718,0.029539055,-0.023813666,-0.06394735,0,-0.103118032,-0.115654206,0,0,0,0,14,99932371,D
M,0,-0.157592093,-0.065816217,0,0,-0.452373194,0,0,-0.47277628,-0.136077062,0,0,-0.448028674,0,1,99932386,M
M,0.239107291,-0.062448903,4.256307406,0,0.014727159,0.004592278,-0.068950662,0,-0.47277628,-0.136077062,0,0,-0.448028674,0,14,99932386,M
L,-0.067145948,1.190986816,-0.004144422,-0.003652597,0.12139493,-0.142598821,0.017430947,-0.221134231,-0.040070247,-0.491140864,0,0.025029797,-0.039158101,0.241165132,12,99932940,D
L,1.257317577,0.183054429,0.921473325,-0.01306718,0.029539055,-0.023813666,-0.06394735,-0.221134231,-0.040070247,-0.491140864,0,0.025029797,-0.039158101,0.241165132,14,99932940,D
L,-0.034532953,-0.289882562,-0.142554856,0,0,0.081132075,-0.345619372,0,-0.683127572,0.03332614,0,0,0,-0.290548425,3,99932952,D
L,1.257317577,0.183054429,0.921473325,-0.01306718,0.029539055,-0.023813666,-0.06394735,0,-0.683127572,0.03332614,0,0,0,-0.290548425,14,99932952,D
L,-0.11524159,0.142586979,0.209899248,0,0.41783607,-0.11390751,-0.216541797,0,0.13376039,0.275757576,0,0,0,-0.418636057,3,99932953,E
L,-0.012124809,0.081107708,0.043699231,-0.011188157,-0.042917316,0.065069992,0.219834604,0,0.13376039,0.275757576,0,0,0,-0.418636057,14,99932953,E
L,-0.134304182,-0.07286916,0.100951816,0,0.228069787,0.221928589,0.13657786,0,0,0.291383309,0,0,-0.322097813,0.440266963,7,99932957,C
L,0.036433969,0.03695889,0.067822873,-0.022847523,0.252073059,0.116797858,0.54254736,0,0,0.291383309,0,0,-0.322097813,0.440266963,14,99932957,C
L,0.031042654,-0.028768545,-0.016133149,0,-0.138211627,-0.11679015,-0.132464146,0,0,0.077714184,0,-0.083062419,0,0,10,99932959,D
L,1.257317577,0.183054429,0.921473325,-0.01306718,0.029539055,-0.023813666,-0.06394735,0,0,0.077714184,0,-0.083062419,0,0,14,99932959,D
L,-0.166666667,0.019829194,-0.038332059,0,-0.143749676,0.022342228,-0.217836257,0,0.044822546,0,0,0,0,0,5,99932960,E
L,-0.012124809,0.081107708,0.043699231,-0.011188157,-0.042917316,0.065069992,0.219834604,0,0.044822546,0,0,0,0,0,14,99932960,E
L,-0.00499299,0.170049513,0.255779517,0,0.008146795,0.11913277,0.702796324,0,0,0.341760563,0,-0.510657194,2.85875,0,7,99932969,E
L,-0.012124809,0.081107708,0.043699231,-0.011188157,-0.042917316,0.065069992,0.219834604,0,0,0.341760563,0,-0.510657194,2.85875,0,14,99932969,E
L,-0.00499299,0.170049513,0.255779517,0,0.008146795,0.11913277,0.702796324,0,0,0.075783892,0,0.012382739,-0.762084592,5.85380117,7,99932970,E
L,-0.012124809,0.081107708,0.043699231,-0.011188157,-0.042917316,0.065069992,0.219834604,0,0,0.075783892,0,0.012382739,-0.762084592,5.85380117,14,99932970,E
L,-0.011344514,0.189824608,0.047957581,-0.017553563,-0.094882319,0.281080301,0.65318163,0.385692068,-0.212636695,0.184876286,0,-0.36317653,0.057428215,0,12,99932972,E
L,-0.012124809,0.081107708,0.043699231,-0.011188157,-0.042917316,0.065069992,0.219834604,0.385692068,-0.212636695,0.184876286,0,-0.36317653,0.057428215,0,14,99932972,E
L,0.02755102,0.070334767,-0.013775449,-0.089133089,-0.033371155,-0.191496336,-0.075541556,0,0.057533162,0.174067271,0,-0.018948838,0,0,7,99932975,B1
L,0.043344685,-0.026417415,0.012752196,-0.02971103,0.013531132,-0.053521663,1.197045482,0,0.057533162,0.174067271,0,-0.018948838,0,0,14,99932975,B1
L,-0.012355179,-0.117019413,-0.102478685,0,0.006135814,0.105352506,-0.133405784,0,-0.024174682,0,0,0,0,0,9,99933522,E
L,-0.012124809,0.081107708,0.043699231,-0.011188157,-0.042917316,0.065069992,0.219834604,0,-0.024174682,0,0,0,0,0,14,99933522,E
L,-0.067145948,1.190986816,-0.004144422,-0.003652597,0.12139493,-0.142598821,0.017430947,0,0,0.224758959,0,-0.471428571,0.005753073,0,12,99933524,D
L,1.257317577,0.183054429,0.921473325,-0.01306718,0.029539055,-0.023813666,-0.06394735,0,0,0.224758959,0,-0.471428571,0.005753073,0,14,99933524,D
L,-0.00499299,0.170049513,0.255779517,0,0.008146795,0.11913277,0.702796324,0,0,0,0,0,0,0,7,99933551,E
L,-0.012124809,0.081107708,0.043699231,-0.011188157,-0.042917316,0.065069992,0.219834604,0,0,0,0,0,0,0,14,99933551,E
L,0.031042654,-0.028768545,-0.016133149,0,-0.138211627,-0.11679015,-0.132464146,0,-0.06098301,-0.032431337,0,0,0,0,10,99933556,D
L,1.257317577,0.183054429,0.921473325,-0.01306718,0.029539055,-0.023813666,-0.06394735,0,-0.06098301,-0.032431337,0,0,0,0,14,99933556,D
L,0.143653653,-0.078450408,-0.290685509,0,-0.209364993,-0.135575209,-0.188833305,0.695035461,-0.121398205,0.081436943,0,-0.127029116,-0.253768844,-0.626149803,2,99933559,E
L,-0.012124809,0.081107708,0.043699231,-0.011188157,-0.042917316,0.065069992,0.219834604,0.695035461,-0.121398205,0.081436943,0,-0.127029116,-0.253768844,-0.626149803,14,99933559,E
L,-0.011344514,0.189824608,0.047957581,-0.017553563,-0.094882319,0.281080301,0.65318163,0,0,0,0,0,-0.300864362,0.695293547,12,99933561,E
L,-0.012124809,0.081107708,0.043699231,-0.011188157,-0.042917316,0.065069992,0.219834604,0,0,0,0,0,-0.300864362,0.695293547,14,99933561,E
L,0.031042654,-0.028768545,-0.016133149,0,-0.138211627,-0.11679015,-0.132464146,0,-0.021427554,0,0,0,0,-0.32464146,10,99933564,D
L,1.257317577,0.183054429,0.921473325,-0.01306718,0.029539055,-0.023813666,-0.06394735,0,-0.021427554,0,0,0,0,-0.32464146,14,99933564,D
L,0.143653653,-0.078450408,-0.290685509,0,-0.209364993,-0.135575209,-0.188833305,1.028808381,-0.530352838,0,0,0,0,-1,2,99933565,E
L,-0.012124809,0.081107708,0.043699231,-0.011188157,-0.042917316,0.065069992,0.219834604,1.028808381,-0.530352838,0,0,0,0,-1,14,99933565,E
L,-0.051260965,0.008485515,0.702950895,-0.125,-0.204166222,-0.25584682,-0.180659515,0,0.14953271,-0.039903437,0,0.094486334,0.150735294,0,11,99933961,E
L,-0.012124809,0.081107708,0.043699231,-0.011188157,-0.042917316,0.065069992,0.219834604,0,0.14953271,-0.039903437,0,0.094486334,0.150735294,0,14,99933961,E
M,0,-0.199057233,30.11787086,0,0.292085273,-0.151985395,-0.018691589,0,-0.350233692,0,0,0,0,0,11,99933962,M
M,0.239107291,-0.062448903,4.256307406,0,0.014727159,0.004592278,-0.068950662,0,-0.350233692,0,0,0,0,0,14,99933962,M
L,7.181445824,-0.171574852,5.531425402,0,-0.126540986,0.041047662,-0.018697911,0,0.043240557,0.104926424,0,-0.869510422,-0.128032037,0.13130352,7,99934101,D
L,1.257317577,0.183054429,0.921473325,-0.01306718,0.029539055,-0.023813666,-0.06394735,0,0.043240557,0.104926424,0,-0.869510422,-0.128032037,0.13130352,14,99934101,D
L,7.181445824,-0.171574852,5.531425402,0,-0.126540986,0.041047662,-0.018697911,0,0,-0.184099811,0,0.063505051,0.92507099,-0.270506108,7,99934121,D
L,1.257317577,0.183054429,0.921473325,-0.01306718,0.029539055,-0.023813666,-0.06394735,0,0,-0.184099811,0,0.063505051,0.92507099,-0.270506108,14,99934121,D
L,0,0,0.09090317,0,-0.06652575,0,0,0,0,0.09090317,0,-0.06652575,0,0,6,99934130,B1
L,0.043344685,-0.026417415,0.012752196,-0.02971103,0.013531132,-0.053521663,1.197045482,0,0,0.09090317,0,-0.06652575,0,0,14,99934130,B1
L,-0.012355179,-0.117019413,-0.102478685,0,0.006135814,0.105352506,-0.133405784,0,0.330536913,0.144134847,0,-0.34779661,1.526315789,0.016081585,9,99934132,E
L,-0.012124809,0.081107708,0.043699231,-0.011188157,-0.042917316,0.065069992,0.219834604,0,0.330536913,0.144134847,0,-0.34779661,1.526315789,0.016081585,14,99934132,E
L,0.143653653,-0.078450408,-0.290685509,0,-0.209364993,-0.135575209,-0.188833305,0,-0.011551908,0,0,0,0,0.887921654,2,99934209,E
L,-0.012124809,0.081107708,0.043699231,-0.011188157,-0.042917316,0.065069992,0.219834604,0,-0.011551908,0,0,0,0,0.887921654,14,99934209,E
L,-0.00499299,0.170049513,0.255779517,0,0.008146795,0.11913277,0.702796324,0,-0.081913139,-0.166239401,0,0,0.655339806,-0.858947368,7,99934461,E
L,-0.012124809,0.081107708,0.043699231,-0.011188157,-0.042917316,0.065069992,0.219834604,0,-0.081913139,-0.166239401,0,0,0.655339806,-0.858947368,14,99934461,E
L,-0.098642038,-0.086619014,-0.112915262,0,-0.003971726,0.044374501,-0.127844243,0,-0.10028871,-0.269401778,0,-0.373487349,-0.12602663,-0.076929544,9,99934473,D
L,1.257317577,0.183054429,0.921473325,-0.01306718,0.029539055,-0.023813666,-0.06394735,0,-0.10028871,-0.269401778,0,-0.373487349,-0.12602663,-0.076929544,14,99934473,D
L,0,0.191104085,-0.233531176,0,-0.055776172,-0.118927682,0.015977961,0,0,-0.992620084,0,0,0,0,10,99934489,E
L,-0.012124809,0.081107708,0.043699231,-0.011188157,-0.042917316,0.065069992,0.219834604,0,0,-0.992620084,0,0,0,0,14,99934489,E
L,0,-0.063489009,-0.152832733,0,-0.126999432,-0.086283347,-0.221112545,0,0,-0.101940899,0,0.129690148,0,0,6,99934499,E
L,-0.012124809,0.081107708,0.043699231,-0.011188157,-0.042917316,0.065069992,0.219834604,0,0,-0.101940899,0,0.129690148,0,0,14,99934499,E
L,-0.011344514,0.189824608,0.047957581,-0.017553563,-0.094882319,0.281080301,0.65318163,0,-0.08,-0.024888889,0,0,-0.67054846,0,12,99934503,E
L,-0.012124809,0.081107708,0.043699231,-0.011188157,-0.042917316,0.065069992,0.219834604,0,-0.08,-0.024888889,0,0,-0.67054846,0,14,99934503,E
L,0,0.010696314,0.133319897,0,-0.056060816,-0.086743723,0.165025626,0,0,0.266639794,0,-0.112121633,0,0.332352941,9,99934505,C
L,0.036433969,0.03695889,0.067822873,-0.022847523,0.252073059,0.116797858,0.54254736,0,0,0.266639794,0,-0.112121633,0,0.332352941,14,99934505,C
L,-0.00499299,0.170049513,0.255779517,0,0.008146795,0.11913277,0.702796324,0,-0.307082071,-0.033950617,0,0.122807018,-0.077669903,0,7,99934506,E
L,-0.012124809,0.081107708,0.043699231,-0.011188157,-0.042917316,0.065069992,0.219834604,0,-0.307082071,-0.033950617,0,0.122807018,-0.077669903,0,14,99934506,E
L,-0.012355179,-0.117019413,-0.102478685,0,0.006135814,0.105352506,-0.133405784,0,0,0,0,0,0,0,9,99934514,E
L,-0.012124809,0.081107708,0.043699231,-0.011188157,-0.042917316,0.065069992,0.219834604,0,0,0,0,0,0,0,14,99934514,E
M,0,-0.199057233,30.11787086,0,0.292085273,-0.151985395,-0.018691589,0,-1,207.6315789,0,0,-1,0,11,99934914,M
M,0.239107291,-0.062448903,4.256307406,0,0.014727159,0.004592278,-0.068950662,0,-1,207.6315789,0,0,-1,0,14,99934914,M
L,7.181445824,-0.171574852,5.531425402,0,-0.126540986,0.041047662,-0.018697911,-1,-1,-0.010978143,0,-0.751827227,-1,0,7,99934957,D
L,1.257317577,0.183054429,0.921473325,-0.01306718,0.029539055,-0.023813666,-0.06394735,-1,-1,-0.010978143,0,-0.751827227,-1,0,14,99934957,D
L,-0.067145948,1.190986816,-0.004144422,-0.003652597,0.12139493,-0.142598821,0.017430947,0,0,0.122302158,0,0.126760563,0,0,12,99935009,D
L,1.257317577,0.183054429,0.921473325,-0.01306718,0.029539055,-0.023813666,-0.06394735,0,0,0.122302158,0,0.126760563,0,0,14,99935009,D
L,0,-0.063489009,-0.152832733,0,-0.126999432,-0.086283347,-0.221112545,0,0.129394882,0,0,0,0,-0.469808542,6,99935012,E
L,-0.012124809,0.081107708,0.043699231,-0.011188157,-0.042917316,0.065069992,0.219834604,0,0.129394882,0,0,0,0,-0.469808542,14,99935012,E
L,-0.067145948,1.190986816,-0.004144422,-0.003652597,0.12139493,-0.142598821,0.017430947,-0.195067102,2.057097225,0,0,0,0,-1,12,99935022,D
L,1.257317577,0.183054429,0.921473325,-0.01306718,0.029539055,-0.023813666,-0.06394735,-0.195067102,2.057097225,0,0,0,0,-1,14,99935022,D
L,-0.011344514,0.189824608,0.047957581,-0.017553563,-0.094882319,0.281080301,0.65318163,0,0,0.694182743,0,-1,6.104834329,-1,12,99935023,E
L,-0.012124809,0.081107708,0.043699231,-0.011188157,-0.042917316,0.065069992,0.219834604,0,0,0.694182743,0,-1,6.104834329,-1,14,99935023,E
L,-0.012355179,-0.117019413,-0.102478685,0,0.006135814,0.105352506,-0.133405784,-0.271813928,0,-0.11742354,0,0,0,0,9,99935026,E
L,-0.012124809,0.081107708,0.043699231,-0.011188157,-0.042917316,0.065069992,0.219834604,-0.271813928,0,-0.11742354,0,0,0,0,14,99935026,E
L,-0.11524159,0.142586979,0.209899248,0,0.41783607,-0.11390751,-0.216541797,-0.110768281,0,-0.070920659,0,0,0,-0.084089342,3,99935029,E
L,-0.012124809,0.081107708,0.043699231,-0.011188157,-0.042917316,0.065069992,0.219834604,-0.110768281,0,-0.070920659,0,0,0,-0.084089342,14,99935029,E
L,-0.011344514,0.189824608,0.047957581,-0.017553563,-0.094882319,0.281080301,0.65318163,0,-0.03125,-0.353239508,0,-0.474791667,-0.55115758,-1,12,99935031,E
L,-0.012124809,0.081107708,0.043699231,-0.011188157,-0.042917316,0.065069992,0.219834604,0,-0.03125,-0.353239508,0,-0.474791667,-0.55115758,-1,14,99935031,E
L,-0.11524159,0.142586979,0.209899248,0,0.41783607,-0.11390751,-0.216541797,0,1.804123711,0.010065815,0,2.697916667,-0.808538163,0.321138211,3,99935039,E
L,-0.012124809,0.081107708,0.043699231,-0.011188157,-0.042917316,0.065069992,0.219834604,0,1.804123711,0.010065815,0,2.697916667,-0.808538163,0.321138211,14,99935039,E
L,7.181445824,-0.171574852,5.531425402,0,-0.126540986,0.041047662,-0.018697911,-0.624762422,-0.22281908,0.235887798,0,0.221089325,0.41426513,0.727729557,7,99935043,D
L,1.257317577,0.183054429,0.921473325,-0.01306718,0.029539055,-0.023813666,-0.06394735,-0.624762422,-0.22281908,0.235887798,0,0.221089325,0.41426513,0.727729557,14,99935043,D
L,0,-0.063489009,-0.152832733,0,-0.126999432,-0.086283347,-0.221112545,0,-0.086467911,0,0,0,0,0,6,99935053,E
L,-0.012124809,0.081107708,0.043699231,-0.011188157,-0.042917316,0.065069992,0.219834604,0,-0.086467911,0,0,0,0,0,14,99935053,E
L,-0.011344514,0.189824608,0.047957581,-0.017553563,-0.094882319,0.281080301,0.65318163,0,0.797155689,1.094638505,0,0.424395161,-0.102268125,-0.476495366,12,99935054,E
L,-0.012124809,0.081107708,0.043699231,-0.011188157,-0.042917316,0.065069992,0.219834604,0,0.797155689,1.094638505,0,0.424395161,-0.102268125,-0.476495366,14,99935054,E
L,-0.11524159,0.142586979,0.209899248,0,0.41783607,-0.11390751,-0.216541797,0,0,0,0,0,-0.444444444,0,3,99935059,E
L,-0.012124809,0.081107708,0.043699231,-0.011188157,-0.042917316,0.065069992,0.219834604,0,0,0,0,0,-0.444444444,0,14,99935059,E
L,0,0.191104085,-0.233531176,0,-0.055776172,-0.118927682,0.015977961,0,0,-1,0,-1,0,0,10,99935768,E
L,-0.012124809,0.081107708,0.043699231,-0.011188157,-0.042917316,0.065069992,0.219834604,0,0,-1,0,-1,0,0,14,99935768,E
L,-0.00499299,0.170049513,0.255779517,0,0.008146795,0.11913277,0.702796324,0,0.256709452,-0.042024833,0,0.45197201,0.679569892,-0.457142857,7,99935771,E
L,-0.012124809,0.081107708,0.043699231,-0.011188157,-0.042917316,0.065069992,0.219834604,0,0.256709452,-0.042024833,0,0.45197201,0.679569892,-0.457142857,14,99935771,E
L,0.143653653,-0.078450408,-0.290685509,0,-0.209364993,-0.135575209,-0.188833305,0,0,0.310344828,0,0,0.040793413,-0.431182182,2,99935787,E
L,-0.012124809,0.081107708,0.043699231,-0.011188157,-0.042917316,0.065069992,0.219834604,0,0,0.310344828,0,0,0.040793413,-0.431182182,14,99935787,E
M,0,-0.300442201,-0.198788023,0,0,0,0,0,-0.529349551,0,0,0,0,0,3,99935790,M
M,0.239107291,-0.062448903,4.256307406,0,0.014727159,0.004592278,-0.068950662,0,-0.529349551,0,0,0,0,0,14,99935790,M
L,-0.011344514,0.189824608,0.047957581,-0.017553563,-0.094882319,0.281080301,0.65318163,0,-0.338983051,-0.599593496,0,-0.342112311,0,0,12,99935802,E
L,-0.012124809,0.081107708,0.043699231,-0.011188157,-0.042917316,0.065069992,0.219834604,0,-0.338983051,-0.599593496,0,-0.342112311,0,0,14,99935802,E
L,-0.011344514,0.189824608,0.047957581,-0.017553563,-0.094882319,0.281080301,0.65318163,0,11.03703704,0.745689655,0,0.122222222,0.166007905,0,12,99935814,E
L,-0.012124809,0.081107708,0.043699231,-0.011188157,-0.042917316,0.065069992,0.219834604,0,11.03703704,0.745689655,0,0.122222222,0.166007905,0,14,99935814,E
L,-0.011344514,0.189824608,0.047957581,-0.017553563,-0.094882319,0.281080301,0.65318163,0,-0.002915452,1.214524207,0,-0.847399411,0,0,12,99935815,E
L,-0.012124809,0.081107708,0.043699231,-0.011188157,-0.042917316,0.065069992,0.219834604,0,-0.002915452,1.214524207,0,-0.847399411,0,0,14,99935815,E
L,0.031042654,-0.028768545,-0.016133149,0,-0.138211627,-0.11679015,-0.132464146,0,0,0,0,-0.52520908,0,0,10,99935816,D
L,1.257317577,0.183054429,0.921473325,-0.01306718,0.029539055,-0.023813666,-0.06394735,0,0,0,0,-0.52520908,0,0,14,99935816,D
L,-0.134304182,-0.07286916,0.100951816,0,0.228069787,0.221928589,0.13657786,0,0,0,0,0,0,0.169329393,7,99935818,C
L,0.036433969,0.03695889,0.067822873,-0.022847523,0.252073059,0.116797858,0.54254736,0,0,0,0,0,0,0.169329393,14,99935818,C
L,-0.00499299,0.170049513,0.255779517,0,0.008146795,0.11913277,0.702796324,0,0,0,0,0,0,0,7,99935819,E
L,-0.012124809,0.081107708,0.043699231,-0.011188157,-0.042917316,0.065069992,0.219834604,0,0,0,0,0,0,0,14,99935819,E
L,-0.00499299,0.170049513,0.255779517,0,0.008146795,0.11913277,0.702796324,0,0,0,0,0,0,-0.973309877,7,99935822,E
L,-0.012124809,0.081107708,0.043699231,-0.011188157,-0.042917316,0.065069992,0.219834604,0,0,0,0,0,0,-0.973309877,14,99935822,E
L,-0.00499299,0.170049513,0.255779517,0,0.008146795,0.11913277,0.702796324,0,0,0,0,0,0,0,7,99935823,E
L,-0.012124809,0.081107708,0.043699231,-0.011188157,-0.042917316,0.065069992,0.219834604,0,0,0,0,0,0,0,14,99935823,E
L,-0.11524159,0.142586979,0.209899248,0,0.41783607,-0.11390751,-0.216541797,0,0.927823315,0,0,0,0,0,3,99935832,E
L,-0.012124809,0.081107708,0.043699231,-0.011188157,-0.042917316,0.065069992,0.219834604,0,0.927823315,0,0,0,0,0,14,99935832,E
L,-0.166666667,0.019829194,-0.038332059,0,-0.143749676,0.022342228,-0.217836257,0,0,0,0,0,0,0,5,99935833,E
L,-0.012124809,0.081107708,0.043699231,-0.011188157,-0.042917316,0.065069992,0.219834604,0,0,0,0,0,0,0,14,99935833,E
L,7.181445824,-0.171574852,5.531425402,0,-0.126540986,0.041047662,-0.018697911,0,0,-0.311694655,0,0,-1,0,7,99935843,D
L,1.257317577,0.183054429,0.921473325,-0.01306718,0.029539055,-0.023813666,-0.06394735,0,0,-0.311694655,0,0,-1,0,14,99935843,D
L,-0.067145948,1.190986816,-0.004144422,-0.003652597,0.12139493,-0.142598821,0.017430947,0,0,0.031047117,0,-0.004521964,0.001388889,0,12,99935844,D
L,1.257317577,0.183054429,0.921473325,-0.01306718,0.029539055,-0.023813666,-0.06394735,0,0,0.031047117,0,-0.004521964,0.001388889,0,14,99935844,D
L,-0.011344514,0.189824608,0.047957581,-0.017553563,-0.094882319,0.281080301,0.65318163,-0.606257281,-0.854316547,0.108424908,0,0,0,-1,12,99935874,E
L,-0.012124809,0.081107708,0.043699231,-0.011188157,-0.042917316,0.065069992,0.219834604,-0.606257281,-0.854316547,0.108424908,0,0,0,-1,14,99935874,E
L,-0.012355179,-0.117019413,-0.102478685,0,0.006135814,0.105352506,-0.133405784,0,-0.122679136,0,0,0,0,0,9,99935877,E
L,-0.012124809,0.081107708,0.043699231,-0.011188157,-0.042917316,0.065069992,0.219834604,0,-0.122679136,0,0,0,0,0,14,99935877,E
L,-0.098642038,-0.086619014,-0.112915262,0,-0.003971726,0.044374501,-0.127844243,0,0,-0.305727431,0,-0.086458924,-0.172535211,-0.703246365,9,99935878,D
L,1.257317577,0.183054429,0.921473325,-0.01306718,0.029539055,-0.023813666,-0.06394735,0,0,-0.305727431,0,-0.086458924,-0.172535211,-0.703246365,14,99935878,D
L,0.078615021,-0.065292753,-0.082866539,0,0.237954781,0.137629439,-0.152935581,0.057361506,0.033540373,0,0,0,0,0.040442084,6,99935887,D
L,1.257317577,0.183054429,0.921473325,-0.01306718,0.029539055,-0.023813666,-0.06394735,0.057361506,0.033540373,0,0,0,0,0.040442084,14,99935887,D
L,0,-0.063489009,-0.152832733,0,-0.126999432,-0.086283347,-0.221112545,0,0,0.059106111,0,0.059295749,0,0,6,99935899,E
L,-0.012124809,0.081107708,0.043699231,-0.011188157,-0.042917316,0.065069992,0.219834604,0,0,0.059106111,0,0.059295749,0,0,14,99935899,E
L,-0.012355179,-0.117019413,-0.102478685,0,0.006135814,0.105352506,-0.133405784,0,-0.288238988,-0.288256228,0,0,0,0,9,99935900,E
L,-0.012124809,0.081107708,0.043699231,-0.011188157,-0.042917316,0.065069992,0.219834604,0,-0.288238988,-0.288256228,0,0,0,0,14,99935900,E
L,-0.012355179,-0.117019413,-0.102478685,0,0.006135814,0.105352506,-0.133405784,0,-0.308207868,0,0,0,0,0,9,99935902,E
L,-0.012124809,0.081107708,0.043699231,-0.011188157,-0.042917316,0.065069992,0.219834604,0,-0.308207868,0,0,0,0,0,14,99935902,E
L,0.392094937,0.053160671,-0.277618358,0,0.696296296,-0.565924404,0.193795814,1.176284812,0.287996068,0,0,0,-0.781870313,0.782658628,1,99935903,D
L,1.257317577,0.183054429,0.921473325,-0.01306718,0.029539055,-0.023813666,-0.06394735,1.176284812,0.287996068,0,0,0,-0.781870313,0.782658628,14,99935903,D
L,0,0,-0.5,0,-0.5,0,-0.5,0,0,-1,0,-1,0,0,1,99935914,E
L,-0.012124809,0.081107708,0.043699231,-0.011188157,-0.042917316,0.065069992,0.219834604,0,0,-1,0,-1,0,0,14,99935914,E
L,0.006036375,-0.001355807,0.186037861,0,0.445190796,0.046923641,0.589090077,0,0,0.362697687,0,0.254731041,0,0,6,99935933,C
L,0.036433969,0.03695889,0.067822873,-0.022847523,0.252073059,0.116797858,0.54254736,0,0,0.362697687,0,0.254731041,0,0,14,99935933,C
L,-0.034532953,-0.289882562,-0.142554856,0,0,0.081132075,-0.345619372,0,-0.356075374,-0.278517179,0,0,0,-1,3,99935934,D
L,1.257317577,0.183054429,0.921473325,-0.01306718,0.029539055,-0.023813666,-0.06394735,0,-0.356075374,-0.278517179,0,0,0,-1,14,99935934,D
L,0.199367696,0.132934392,0.119379875,0,-0.026708137,0.155231611,0.013070458,0,0.084482609,-0.057360312,0,-0.129515419,0.035400798,0,5,99935936,D
L,1.257317577,0.183054429,0.921473325,-0.01306718,0.029539055,-0.023813666,-0.06394735,0,0.084482609,-0.057360312,0,-0.129515419,0.035400798,0,14,99935936,D
L,0.031042654,-0.028768545,-0.016133149,0,-0.138211627,-0.11679015,-0.132464146,0.31042654,-0.03276442,0.171259697,0,0,-0.947368421,0,10,99935937,D
L,1.257317577,0.183054429,0.921473325,-0.01306718,0.029539055,-0.023813666,-0.06394735,0.31042654,-0.03276442,0.171259697,0,0,-0.947368421,0,14,99935937,D
L,-0.134304182,-0.07286916,0.100951816,0,0.228069787,0.221928589,0.13657786,0,-0.097727273,-0.11411349,0,0,0.111430387,-0.482837529,7,99935938,C
L,0.036433969,0.03695889,0.067822873,-0.022847523,0.252073059,0.116797858,0.54254736,0,-0.097727273,-0.11411349,0,0,0.111430387,-0.482837529,14,99935938,C
L,-0.011344514,0.189824608,0.047957581,-0.017553563,-0.094882319,0.281080301,0.65318163,0,0,0,0,-0.392944039,-0.17284925,-0.396884273,12,99935944,E
L,-0.012124809,0.081107708,0.043699231,-0.011188157,-0.042917316,0.065069992,0.219834604,0,0,0,0,-0.392944039,-0.17284925,-0.396884273,14,99935944,E
L,0,0.139423217,-0.064933786,0,0.376148423,0.210160067,1.015606335,0,0.087283882,0.059004353,0,0.333694875,0,0,5,99935945,C
L,0.036433969,0.03695889,0.067822873,-0.022847523,0.252073059,0.116797858,0.54254736,0,0.087283882,0.059004353,0,0.333694875,0,0,14,99935945,C
L,-0.011344514,0.189824608,0.047957581,-0.017553563,-0.094882319,0.281080301,0.65318163,0,0,-0.739093242,0,-0.4578125,1.180952381,-1,12,99935949,E
L,-0.012124809,0.081107708,0.043699231,-0.011188157,-0.042917316,0.065069992,0.219834604,0,0,-0.739093242,0,-0.4578125,1.180952381,-1,14,99935949,E
L,0,0.191104085,-0.233531176,0,-0.055776172,-0.118927682,0.015977961,0,2.141153082,0.188926663,0,0.86260454,-1,0,10,99936000,E
L,-0.012124809,0.081107708,0.043699231,-0.011188157,-0.042917316,0.065069992,0.219834604,0,2.141153082,0.188926663,0,0.86260454,-1,0,14,99936000,E
L,-0.00499299,0.170049513,0.255779517,0,0.008146795,0.11913277,0.702796324,0,0,0.191617647,0,0.541710526,-0.893333333,6.683333333,7,99936001,E
L,-0.012124809,0.081107708,0.043699231,-0.011188157,-0.042917316,0.065069992,0.219834604,0,0,0.191617647,0,0.541710526,-0.893333333,6.683333333,14,99936001,E
L,-0.011344514,0.189824608,0.047957581,-0.017553563,-0.094882319,0.281080301,0.65318163,0,0,0,0,0,0,0,12,99936022,E
L,-0.012124809,0.081107708,0.043699231,-0.011188157,-0.042917316,0.065069992,0.219834604,0,0,0,0,0,0,0,14,99936022,E
L,-0.098642038,-0.086619014,-0.112915262,0,-0.003971726,0.044374501,-0.127844243,0,0,0.025824561,0,0.020865016,0.923099718,0,9,99936023,D
L,1.257317577,0.183054429,0.921473325,-0.01306718,0.029539055,-0.023813666,-0.06394735,0,0,0.025824561,0,0.020865016,0.923099718,0,14,99936023,D
L,-0.011344514,0.189824608,0.047957581,-0.017553563,-0.094882319,0.281080301,0.65318163,0,-1,0.316129032,0,0.297549592,-1,0,12,99936048,E
L,-0.012124809,0.081107708,0.043699231,-0.011188157,-0.042917316,0.065069992,0.219834604,0,-1,0.316129032,0,0.297549592,-1,0,14,99936048,E
L,0.006036375,-0.001355807,0.186037861,0,0.445190796,0.046923641,0.589090077,0.054327375,0,-0.185099111,0,0.644800951,-0.348716807,0.267795139,6,99936056,C
L,0.036433969,0.03695889,0.067822873,-0.022847523,0.252073059,0.116797858,0.54254736,0.054327375,0,-0.185099111,0,0.644800951,-0.348716807,0.267795139,14,99936056,C
L,-0.00499299,0.170049513,0.255779517,0,0.008146795,0.11913277,0.702796324,0,0,0,0,0,0,0,7,99936157,E
L,-0.012124809,0.081107708,0.043699231,-0.011188157,-0.042917316,0.065069992,0.219834604,0,0,0,0,0,0,0,14,99936157,E
L,-0.012355179,-0.117019413,-0.102478685,0,0.006135814,0.105352506,-0.133405784,0,0,0,0,0,0,0,9,99936159,E
L,-0.012124809,0.081107708,0.043699231,-0.011188157,-0.042917316,0.065069992,0.219834604,0,0,0,0,0,0,0,14,99936159,E
L,-0.011344514,0.189824608,0.047957581,-0.017553563,-0.094882319,0.281080301,0.65318163,0,0,0,0,0,-0.626305674,0,12,99936182,E
L,-0.012124809,0.081107708,0.043699231,-0.011188157,-0.042917316,0.065069992,0.219834604,0,0,0,0,0,-0.626305674,0,14,99936182,E
L,0,0.191104085,-0.233531176,0,-0.055776172,-0.118927682,0.015977961,0,0,0,0,0,0,0,10,99936215,E
L,-0.012124809,0.081107708,0.043699231,-0.011188157,-0.042917316,0.065069992,0.219834604,0,0,0,0,0,0,0,14,99936215,E
L,0,0.191104085,-0.233531176,0,-0.055776172,-0.118927682,0.015977961,0,0,-0.064934507,0,0,0,0,10,99936216,E
L,-0.012124809,0.081107708,0.043699231,-0.011188157,-0.042917316,0.065069992,0.219834604,0,0,-0.064934507,0,0,0,0,14,99936216,E
L,-0.011344514,0.189824608,0.047957581,-0.017553563,-0.094882319,0.281080301,0.65318163,0,0,-0.351461428,0,0.084132231,-1,0,12,99936217,E
L,-0.012124809,0.081107708,0.043699231,-0.011188157,-0.042917316,0.065069992,0.219834604,0,0,-0.351461428,0,0.084132231,-1,0,14,99936217,E
L,-0.098642038,-0.086619014,-0.112915262,0,-0.003971726,0.044374501,-0.127844243,0.071691649,-0.164180709,0,0,0,0,0,9,99936220,D
L,1.257317577,0.183054429,0.921473325,-0.01306718,0.029539055,-0.023813666,-0.06394735,0.071691649,-0.164180709,0,0,0,0,0,14,99936220,D
L,7.181445824,-0.171574852,5.531425402,0,-0.126540986,0.041047662,-0.018697911,7.339622642,-0.850226929,-0.406559635,0,-0.060438929,0.256541678,-0.942035117,7,99936221,D
L,1.257317577,0.183054429,0.921473325,-0.01306718,0.029539055,-0.023813666,-0.06394735,7.339622642,-0.850226929,-0.406559635,0,-0.060438929,0.256541678,-0.942035117,14,99936221,D
L,-0.00499299,0.170049513,0.255779517,0,0.008146795,0.11913277,0.702796324,0,0,0.101525424,0,-0.023886903,0,0,7,99936222,E
L,-0.012124809,0.081107708,0.043699231,-0.011188157,-0.042917316,0.065069992,0.219834604,0,0,0.101525424,0,-0.023886903,0,0,14,99936222,E
L,7.181445824,-0.171574852,5.531425402,0,-0.126540986,0.041047662,-0.018697911,0,0,-0.101671874,0,-0.150817774,0,0,7,99936223,D
L,1.257317577,0.183054429,0.921473325,-0.01306718,0.029539055,-0.023813666,-0.06394735,0,0,-0.101671874,0,-0.150817774,0,0,14,99936223,D
L,7.181445824,-0.171574852,5.531425402,0,-0.126540986,0.041047662,-0.018697911,0,0,0.117967167,0,-0.249610762,0,0,7,99936230,D
L,1.257317577,0.183054429,0.921473325,-0.01306718,0.029539055,-0.023813666,-0.06394735,0,0,0.117967167,0,-0.249610762,0,0,14,99936230,D
L,0.143653653,-0.078450408,-0.290685509,0,-0.209364993,-0.135575209,-0.188833305,0,0,-1,0,-1,0,0,2,99936231,E
L,-0.012124809,0.081107708,0.043699231,-0.011188157,-0.042917316,0.065069992,0.219834604,0,0,-1,0,-1,0,0,14,99936231,E
L,0.143653653,-0.078450408,-0.290685509,0,-0.209364993,-0.135575209,-0.188833305,0,-1,0,0,0,0,0.006549679,2,99936232,E
L,-0.012124809,0.081107708,0.043699231,-0.011188157,-0.042917316,0.065069992,0.219834604,0,-1,0,0,0,0,0.006549679,14,99936232,E
L,7.181445824,-0.171574852,5.531425402,0,-0.126540986,0.041047662,-0.018697911,-0.379164143,-0.009967825,78,0,0,0,0.463682047,7,99936435,D
L,1.257317577,0.183054429,0.921473325,-0.01306718,0.029539055,-0.023813666,-0.06394735,-0.379164143,-0.009967825,78,0,0,0,0.463682047,14,99936435,D
M,0.498140189,-0.00035,0.06608513,0,-0.073161395,0.058284731,-0.243631454,0,0,0.284548826,0,0.048040033,0.173591305,-0.298614429,9,99936436,M
M,0.239107291,-0.062448903,4.256307406,0,0.014727159,0.004592278,-0.068950662,0,0,0.284548826,0,0.048040033,0.173591305,-0.298614429,14,99936436,M
M,0.498140189,-0.00035,0.06608513,0,-0.073161395,0.058284731,-0.243631454,0,0.634042553,-0.056958686,0,-0.073797369,0,0,9,99936437,M
M,0.239107291,-0.062448903,4.256307406,0,0.014727159,0.004592278,-0.068950662,0,0.634042553,-0.056958686,0,-0.073797369,0,0,14,99936437,M
